<annotation>
	<folder></folder>
	<filename>0073797c-a755-4972-b76b-8ef2b31d44ab___new_IMG_20160315_071740-jpg_jpeg.rf.281091bbcd7fd8af7c902bdfed5dcf10.jpg</filename>
	<path>0073797c-a755-4972-b76b-8ef2b31d44ab___new_IMG_20160315_071740-jpg_jpeg.rf.281091bbcd7fd8af7c902bdfed5dcf10.jpg</path>
	<source>
		<database>roboflow.com</database>
	</source>
	<size>
		<width>640</width>
		<height>640</height>
		<depth>3</depth>
	</size>
	<segmented>0</segmented>
	<object>
		<name>LicensePlate</name>
		<pose>Unspecified</pose>
		<truncated>0</truncated>
		<difficult>0</difficult>
		<occluded>0</occluded>
		<bndbox>
			<xmin>179</xmin>
			<xmax>434</xmax>
			<ymin>400</ymin>
			<ymax>496</ymax>
		</bndbox>
	</object>
</annotation>
