<annotation>
	<folder></folder>
	<filename>00b42b2c-f193-4863-b92c-0245cbc816da___3e7fd381-0ae5-4421-8a70-279ee0ec1c61_Nissan-Terrano-Petrol-Review-Images-Black-Front-Angle_jpg.rf.f7f09912979f92bf88f50c1405616e5f.jpg</filename>
	<path>00b42b2c-f193-4863-b92c-0245cbc816da___3e7fd381-0ae5-4421-8a70-279ee0ec1c61_Nissan-Terrano-Petrol-Review-Images-Black-Front-Angle_jpg.rf.f7f09912979f92bf88f50c1405616e5f.jpg</path>
	<source>
		<database>roboflow.com</database>
	</source>
	<size>
		<width>640</width>
		<height>640</height>
		<depth>3</depth>
	</size>
	<segmented>0</segmented>
	<object>
		<name>LicensePlate</name>
		<pose>Unspecified</pose>
		<truncated>0</truncated>
		<difficult>0</difficult>
		<occluded>0</occluded>
		<bndbox>
			<xmin>93</xmin>
			<xmax>147</xmax>
			<ymin>430</ymin>
			<ymax>487</ymax>
		</bndbox>
	</object>
</annotation>
