<annotation>
	<folder></folder>
	<filename>018b52e6-e9a1-42c2-8ce7-0617e8c8e021___3e7fd381-0ae5-4421-8a70-279ee0ec1c61_sbtb02_auto1_JPG.rf.c94cc56a9334e1b696bb242a15a912f7.jpg</filename>
	<path>018b52e6-e9a1-42c2-8ce7-0617e8c8e021___3e7fd381-0ae5-4421-8a70-279ee0ec1c61_sbtb02_auto1_JPG.rf.c94cc56a9334e1b696bb242a15a912f7.jpg</path>
	<source>
		<database>roboflow.com</database>
	</source>
	<size>
		<width>640</width>
		<height>640</height>
		<depth>3</depth>
	</size>
	<segmented>0</segmented>
	<object>
		<name>LicensePlate</name>
		<pose>Unspecified</pose>
		<truncated>0</truncated>
		<difficult>0</difficult>
		<occluded>0</occluded>
		<bndbox>
			<xmin>317</xmin>
			<xmax>387</xmax>
			<ymin>461</ymin>
			<ymax>518</ymax>
		</bndbox>
	</object>
</annotation>
