<annotation>
	<folder></folder>
	<filename>07064c2c-2aa3-4419-91a4-92916de8e54c___mahindra-scorpio-old-car-500x500-jpg_jpeg.rf.fe99052caac0ae37f674cc77f08ec360.jpg</filename>
	<path>07064c2c-2aa3-4419-91a4-92916de8e54c___mahindra-scorpio-old-car-500x500-jpg_jpeg.rf.fe99052caac0ae37f674cc77f08ec360.jpg</path>
	<source>
		<database>roboflow.com</database>
	</source>
	<size>
		<width>640</width>
		<height>640</height>
		<depth>3</depth>
	</size>
	<segmented>0</segmented>
	<object>
		<name>LicensePlate</name>
		<pose>Unspecified</pose>
		<truncated>0</truncated>
		<difficult>0</difficult>
		<occluded>0</occluded>
		<bndbox>
			<xmin>262</xmin>
			<xmax>429</xmax>
			<ymin>447</ymin>
			<ymax>544</ymax>
		</bndbox>
	</object>
</annotation>
