<annotation>
	<folder></folder>
	<filename>07f6d77a-652e-4885-8520-6d405d2f712f___3e7fd381-0ae5-4421-8a70-279ee0ec1c61_840539077_1_1080x720_nissan-terrano-xl-d-thp-110-ps-2016-diesel-_jpg.rf.e1c89068893ec334899203743209d5dd.jpg</filename>
	<path>07f6d77a-652e-4885-8520-6d405d2f712f___3e7fd381-0ae5-4421-8a70-279ee0ec1c61_840539077_1_1080x720_nissan-terrano-xl-d-thp-110-ps-2016-diesel-_jpg.rf.e1c89068893ec334899203743209d5dd.jpg</path>
	<source>
		<database>roboflow.com</database>
	</source>
	<size>
		<width>640</width>
		<height>640</height>
		<depth>3</depth>
	</size>
	<segmented>0</segmented>
	<object>
		<name>LicensePlate</name>
		<pose>Unspecified</pose>
		<truncated>0</truncated>
		<difficult>0</difficult>
		<occluded>0</occluded>
		<bndbox>
			<xmin>266</xmin>
			<xmax>412</xmax>
			<ymin>380</ymin>
			<ymax>433</ymax>
		</bndbox>
	</object>
</annotation>
