<annotation>
	<folder></folder>
	<filename>0850c175-0b8d-47f2-801c-e29f1dbdb367___3e7fd381-0ae5-4421-8a70-279ee0ec1c61_571_jpg.rf.029a5f4d8564c79a7398bfa5d39d94f1.jpg</filename>
	<path>0850c175-0b8d-47f2-801c-e29f1dbdb367___3e7fd381-0ae5-4421-8a70-279ee0ec1c61_571_jpg.rf.029a5f4d8564c79a7398bfa5d39d94f1.jpg</path>
	<source>
		<database>roboflow.com</database>
	</source>
	<size>
		<width>640</width>
		<height>640</height>
		<depth>3</depth>
	</size>
	<segmented>0</segmented>
	<object>
		<name>LicensePlate</name>
		<pose>Unspecified</pose>
		<truncated>0</truncated>
		<difficult>0</difficult>
		<occluded>0</occluded>
		<bndbox>
			<xmin>299</xmin>
			<xmax>476</xmax>
			<ymin>292</ymin>
			<ymax>406</ymax>
		</bndbox>
	</object>
</annotation>
