<annotation>
	<folder></folder>
	<filename>092c497e-623d-499d-822a-4b01c657389b___3e7fd381-0ae5-4421-8a70-279ee0ec1c61_nissan-terrano-rear-left-rim_jpg.rf.9815488508b9bb1564f61eb7e0e1e15c.jpg</filename>
	<path>092c497e-623d-499d-822a-4b01c657389b___3e7fd381-0ae5-4421-8a70-279ee0ec1c61_nissan-terrano-rear-left-rim_jpg.rf.9815488508b9bb1564f61eb7e0e1e15c.jpg</path>
	<source>
		<database>roboflow.com</database>
	</source>
	<size>
		<width>640</width>
		<height>640</height>
		<depth>3</depth>
	</size>
	<segmented>0</segmented>
	<object>
		<name>LicensePlate</name>
		<pose>Unspecified</pose>
		<truncated>0</truncated>
		<difficult>0</difficult>
		<occluded>0</occluded>
		<bndbox>
			<xmin>202</xmin>
			<xmax>314</xmax>
			<ymin>402</ymin>
			<ymax>449</ymax>
		</bndbox>
	</object>
</annotation>
