<annotation>
	<folder></folder>
	<filename>0b77e2a4-34db-486c-8d87-46186f5b7b88___3e7fd381-0ae5-4421-8a70-279ee0ec1c61_nissan-terrano-diesel-review-motorzest-04_jpg.rf.0b06848d2b383786d4a0980fbd99de46.jpg</filename>
	<path>0b77e2a4-34db-486c-8d87-46186f5b7b88___3e7fd381-0ae5-4421-8a70-279ee0ec1c61_nissan-terrano-diesel-review-motorzest-04_jpg.rf.0b06848d2b383786d4a0980fbd99de46.jpg</path>
	<source>
		<database>roboflow.com</database>
	</source>
	<size>
		<width>640</width>
		<height>640</height>
		<depth>3</depth>
	</size>
	<segmented>0</segmented>
	<object>
		<name>LicensePlate</name>
		<pose>Unspecified</pose>
		<truncated>0</truncated>
		<difficult>0</difficult>
		<occluded>0</occluded>
		<bndbox>
			<xmin>337</xmin>
			<xmax>400</xmax>
			<ymin>371</ymin>
			<ymax>407</ymax>
		</bndbox>
	</object>
</annotation>
