<annotation>
	<folder></folder>
	<filename>10c96324-3452-43e2-aa68-c8ae7d3c1b6e___844874771_1_1080x720_maruti-suzuki-wagon-r-vxi-bs-iii-2014-petrol-jpg_jpeg.rf.b48bfda00ade73ba5b90445c34b582bf.jpg</filename>
	<path>10c96324-3452-43e2-aa68-c8ae7d3c1b6e___844874771_1_1080x720_maruti-suzuki-wagon-r-vxi-bs-iii-2014-petrol-jpg_jpeg.rf.b48bfda00ade73ba5b90445c34b582bf.jpg</path>
	<source>
		<database>roboflow.com</database>
	</source>
	<size>
		<width>640</width>
		<height>640</height>
		<depth>3</depth>
	</size>
	<segmented>0</segmented>
	<object>
		<name>LicensePlate</name>
		<pose>Unspecified</pose>
		<truncated>0</truncated>
		<difficult>0</difficult>
		<occluded>0</occluded>
		<bndbox>
			<xmin>177</xmin>
			<xmax>446</xmax>
			<ymin>348</ymin>
			<ymax>421</ymax>
		</bndbox>
	</object>
</annotation>
