<annotation>
	<folder></folder>
	<filename>11832b13-d514-4f1d-967c-d00e76d21e9b___Yellow-Number-Plate-With-Black-Lettering-jpg_jpeg.rf.ef7050c444c8fa85f716c882e94b4a28.jpg</filename>
	<path>11832b13-d514-4f1d-967c-d00e76d21e9b___Yellow-Number-Plate-With-Black-Lettering-jpg_jpeg.rf.ef7050c444c8fa85f716c882e94b4a28.jpg</path>
	<source>
		<database>roboflow.com</database>
	</source>
	<size>
		<width>640</width>
		<height>640</height>
		<depth>3</depth>
	</size>
	<segmented>0</segmented>
	<object>
		<name>LicensePlate</name>
		<pose>Unspecified</pose>
		<truncated>0</truncated>
		<difficult>0</difficult>
		<occluded>0</occluded>
		<bndbox>
			<xmin>129</xmin>
			<xmax>260</xmax>
			<ymin>307</ymin>
			<ymax>380</ymax>
		</bndbox>
	</object>
</annotation>
