<annotation>
	<folder></folder>
	<filename>12e26859-89e0-4c9b-9c59-ee793337464f___20-jpg_jpeg.rf.3271290c228890fd9eb1943ef3df389b.jpg</filename>
	<path>12e26859-89e0-4c9b-9c59-ee793337464f___20-jpg_jpeg.rf.3271290c228890fd9eb1943ef3df389b.jpg</path>
	<source>
		<database>roboflow.com</database>
	</source>
	<size>
		<width>640</width>
		<height>640</height>
		<depth>3</depth>
	</size>
	<segmented>0</segmented>
	<object>
		<name>LicensePlate</name>
		<pose>Unspecified</pose>
		<truncated>0</truncated>
		<difficult>0</difficult>
		<occluded>0</occluded>
		<bndbox>
			<xmin>142</xmin>
			<xmax>262</xmax>
			<ymin>266</ymin>
			<ymax>318</ymax>
		</bndbox>
	</object>
</annotation>
