<annotation>
	<folder></folder>
	<filename>13ffaad4-a186-46bd-ae5d-924d1c8d7c50___maruti-suzuki-Baleno-RS-pics-48-jpg_jpeg.rf.671c5bba21cfdc8e0c8d3ffd4f507fb2.jpg</filename>
	<path>13ffaad4-a186-46bd-ae5d-924d1c8d7c50___maruti-suzuki-Baleno-RS-pics-48-jpg_jpeg.rf.671c5bba21cfdc8e0c8d3ffd4f507fb2.jpg</path>
	<source>
		<database>roboflow.com</database>
	</source>
	<size>
		<width>640</width>
		<height>640</height>
		<depth>3</depth>
	</size>
	<segmented>0</segmented>
	<object>
		<name>LicensePlate</name>
		<pose>Unspecified</pose>
		<truncated>0</truncated>
		<difficult>0</difficult>
		<occluded>0</occluded>
		<bndbox>
			<xmin>517</xmin>
			<xmax>587</xmax>
			<ymin>434</ymin>
			<ymax>513</ymax>
		</bndbox>
	</object>
</annotation>
