<annotation>
	<folder></folder>
	<filename>1438b735-2d21-4879-8ed4-e5fa086e70c8___Maruti-Suzuki-Swift-Dzire-1-jpg_jpeg.rf.9adec128b9a54478c73be254c6a3e5d6.jpg</filename>
	<path>1438b735-2d21-4879-8ed4-e5fa086e70c8___Maruti-Suzuki-Swift-Dzire-1-jpg_jpeg.rf.9adec128b9a54478c73be254c6a3e5d6.jpg</path>
	<source>
		<database>roboflow.com</database>
	</source>
	<size>
		<width>640</width>
		<height>640</height>
		<depth>3</depth>
	</size>
	<segmented>0</segmented>
	<object>
		<name>LicensePlate</name>
		<pose>Unspecified</pose>
		<truncated>0</truncated>
		<difficult>0</difficult>
		<occluded>0</occluded>
		<bndbox>
			<xmin>239</xmin>
			<xmax>421</xmax>
			<ymin>418</ymin>
			<ymax>476</ymax>
		</bndbox>
	</object>
</annotation>
