<annotation>
	<folder></folder>
	<filename>15e7c19f-da3c-4f0d-91f3-552afabc8961___41FxrEl7jHL-jpg_jpeg.rf.6b45f0c89ad8910299e2bf9f2bf8d651.jpg</filename>
	<path>15e7c19f-da3c-4f0d-91f3-552afabc8961___41FxrEl7jHL-jpg_jpeg.rf.6b45f0c89ad8910299e2bf9f2bf8d651.jpg</path>
	<source>
		<database>roboflow.com</database>
	</source>
	<size>
		<width>640</width>
		<height>640</height>
		<depth>3</depth>
	</size>
	<segmented>0</segmented>
	<object>
		<name>LicensePlate</name>
		<pose>Unspecified</pose>
		<truncated>0</truncated>
		<difficult>0</difficult>
		<occluded>0</occluded>
		<bndbox>
			<xmin>185</xmin>
			<xmax>471</xmax>
			<ymin>250</ymin>
			<ymax>389</ymax>
		</bndbox>
	</object>
</annotation>
