<annotation>
	<folder></folder>
	<filename>165eaa92-8e90-44e6-b132-8af462bae0c9___scorpio-rear-JPG_jpeg.rf.a8eff326cd43557060cab1c7fae6dd12.jpg</filename>
	<path>165eaa92-8e90-44e6-b132-8af462bae0c9___scorpio-rear-JPG_jpeg.rf.a8eff326cd43557060cab1c7fae6dd12.jpg</path>
	<source>
		<database>roboflow.com</database>
	</source>
	<size>
		<width>640</width>
		<height>640</height>
		<depth>3</depth>
	</size>
	<segmented>0</segmented>
	<object>
		<name>LicensePlate</name>
		<pose>Unspecified</pose>
		<truncated>0</truncated>
		<difficult>0</difficult>
		<occluded>0</occluded>
		<bndbox>
			<xmin>67</xmin>
			<xmax>169</xmax>
			<ymin>274</ymin>
			<ymax>336</ymax>
		</bndbox>
	</object>
</annotation>
