<annotation>
	<folder></folder>
	<filename>175ff546-0679-4cbb-ab03-acfcd96877b7___Maruti_Wagon_R_Rear-jpg_jpeg.rf.facb19d1dcfb4528f24551febe8d7001.jpg</filename>
	<path>175ff546-0679-4cbb-ab03-acfcd96877b7___Maruti_Wagon_R_Rear-jpg_jpeg.rf.facb19d1dcfb4528f24551febe8d7001.jpg</path>
	<source>
		<database>roboflow.com</database>
	</source>
	<size>
		<width>640</width>
		<height>640</height>
		<depth>3</depth>
	</size>
	<segmented>0</segmented>
	<object>
		<name>LicensePlate</name>
		<pose>Unspecified</pose>
		<truncated>0</truncated>
		<difficult>0</difficult>
		<occluded>0</occluded>
		<bndbox>
			<xmin>211</xmin>
			<xmax>397</xmax>
			<ymin>395</ymin>
			<ymax>462</ymax>
		</bndbox>
	</object>
</annotation>
