<annotation>
	<folder></folder>
	<filename>18f2e55e-0724-4eee-a28e-5d552a5aa045___20455d0e2dca458f13fbf4da5a2dc118-jpg-Copy_jpeg.rf.909b96267a040256c9b7a0a3898bf926.jpg</filename>
	<path>18f2e55e-0724-4eee-a28e-5d552a5aa045___20455d0e2dca458f13fbf4da5a2dc118-jpg-Copy_jpeg.rf.909b96267a040256c9b7a0a3898bf926.jpg</path>
	<source>
		<database>roboflow.com</database>
	</source>
	<size>
		<width>640</width>
		<height>640</height>
		<depth>3</depth>
	</size>
	<segmented>0</segmented>
	<object>
		<name>LicensePlate</name>
		<pose>Unspecified</pose>
		<truncated>0</truncated>
		<difficult>0</difficult>
		<occluded>0</occluded>
		<bndbox>
			<xmin>279</xmin>
			<xmax>525</xmax>
			<ymin>200</ymin>
			<ymax>294</ymax>
		</bndbox>
	</object>
</annotation>
