<annotation>
	<folder></folder>
	<filename>18f2e55e-0724-4eee-a28e-5d552a5aa045___20455d0e2dca458f13fbf4da5a2dc118-jpg_jpeg.rf.97a0e92dc2a0dbd91fe0a0461518bc24.jpg</filename>
	<path>18f2e55e-0724-4eee-a28e-5d552a5aa045___20455d0e2dca458f13fbf4da5a2dc118-jpg_jpeg.rf.97a0e92dc2a0dbd91fe0a0461518bc24.jpg</path>
	<source>
		<database>roboflow.com</database>
	</source>
	<size>
		<width>640</width>
		<height>640</height>
		<depth>3</depth>
	</size>
	<segmented>0</segmented>
	<object>
		<name>LicensePlate</name>
		<pose>Unspecified</pose>
		<truncated>0</truncated>
		<difficult>0</difficult>
		<occluded>0</occluded>
		<bndbox>
			<xmin>190</xmin>
			<xmax>474</xmax>
			<ymin>191</ymin>
			<ymax>301</ymax>
		</bndbox>
	</object>
</annotation>
