<annotation>
	<folder></folder>
	<filename>1a0da3dc-6667-4092-bc2a-a541a06f1e90___3e7fd381-0ae5-4421-8a70-279ee0ec1c61_Nissan-Terrano9_jpg.rf.f5c3e9ee506dab65ca572036487b467e.jpg</filename>
	<path>1a0da3dc-6667-4092-bc2a-a541a06f1e90___3e7fd381-0ae5-4421-8a70-279ee0ec1c61_Nissan-Terrano9_jpg.rf.f5c3e9ee506dab65ca572036487b467e.jpg</path>
	<source>
		<database>roboflow.com</database>
	</source>
	<size>
		<width>640</width>
		<height>640</height>
		<depth>3</depth>
	</size>
	<segmented>0</segmented>
	<object>
		<name>LicensePlate</name>
		<pose>Unspecified</pose>
		<truncated>0</truncated>
		<difficult>0</difficult>
		<occluded>0</occluded>
		<bndbox>
			<xmin>229</xmin>
			<xmax>428</xmax>
			<ymin>432</ymin>
			<ymax>482</ymax>
		</bndbox>
	</object>
</annotation>
