<annotation>
	<folder></folder>
	<filename>1e7151e6-8626-4fb2-b7e8-0fb6a8fde713___3e7fd381-0ae5-4421-8a70-279ee0ec1c61_a19be5870f8f2593c994c465a691477e_555X416_1_jpg.rf.406679b011166cada931bbea6790a7e3.jpg</filename>
	<path>1e7151e6-8626-4fb2-b7e8-0fb6a8fde713___3e7fd381-0ae5-4421-8a70-279ee0ec1c61_a19be5870f8f2593c994c465a691477e_555X416_1_jpg.rf.406679b011166cada931bbea6790a7e3.jpg</path>
	<source>
		<database>roboflow.com</database>
	</source>
	<size>
		<width>640</width>
		<height>640</height>
		<depth>3</depth>
	</size>
	<segmented>0</segmented>
	<object>
		<name>LicensePlate</name>
		<pose>Unspecified</pose>
		<truncated>0</truncated>
		<difficult>0</difficult>
		<occluded>0</occluded>
		<bndbox>
			<xmin>269</xmin>
			<xmax>371</xmax>
			<ymin>346</ymin>
			<ymax>397</ymax>
		</bndbox>
	</object>
</annotation>
