<annotation>
	<folder></folder>
	<filename>206c95ff-83b8-4273-b105-6637bf9a3038___numerix-number-plates-thodupuzha-idukki-number-plate-dealers-1lhwiga-jpg_jpeg.rf.0f5f2a1baa7c677ca529cb77be0916d7.jpg</filename>
	<path>206c95ff-83b8-4273-b105-6637bf9a3038___numerix-number-plates-thodupuzha-idukki-number-plate-dealers-1lhwiga-jpg_jpeg.rf.0f5f2a1baa7c677ca529cb77be0916d7.jpg</path>
	<source>
		<database>roboflow.com</database>
	</source>
	<size>
		<width>640</width>
		<height>640</height>
		<depth>3</depth>
	</size>
	<segmented>0</segmented>
	<object>
		<name>LicensePlate</name>
		<pose>Unspecified</pose>
		<truncated>0</truncated>
		<difficult>0</difficult>
		<occluded>0</occluded>
		<bndbox>
			<xmin>201</xmin>
			<xmax>550</xmax>
			<ymin>230</ymin>
			<ymax>431</ymax>
		</bndbox>
	</object>
</annotation>
