<annotation>
	<folder></folder>
	<filename>2153dfcb-5968-4bfc-86ba-7ee8ec2d25b1___163231d1425035435-skoda-rapid-tdi-remapped-code-6-tuning-ind-front-jpg_jpeg.rf.f418259d18ce8cae4a23fabd38727620.jpg</filename>
	<path>2153dfcb-5968-4bfc-86ba-7ee8ec2d25b1___163231d1425035435-skoda-rapid-tdi-remapped-code-6-tuning-ind-front-jpg_jpeg.rf.f418259d18ce8cae4a23fabd38727620.jpg</path>
	<source>
		<database>roboflow.com</database>
	</source>
	<size>
		<width>640</width>
		<height>640</height>
		<depth>3</depth>
	</size>
	<segmented>0</segmented>
	<object>
		<name>LicensePlate</name>
		<pose>Unspecified</pose>
		<truncated>0</truncated>
		<difficult>0</difficult>
		<occluded>0</occluded>
		<bndbox>
			<xmin>54</xmin>
			<xmax>209</xmax>
			<ymin>409</ymin>
			<ymax>464</ymax>
		</bndbox>
	</object>
</annotation>
