<annotation>
	<folder></folder>
	<filename>22dc6b5f-ff5d-4bb4-beb2-0f5fd9e75787___i10_Latest_Acrylic_Number_Plate-jpg_jpeg.rf.7f8f0262155d22e49673ab87ead7b30d.jpg</filename>
	<path>22dc6b5f-ff5d-4bb4-beb2-0f5fd9e75787___i10_Latest_Acrylic_Number_Plate-jpg_jpeg.rf.7f8f0262155d22e49673ab87ead7b30d.jpg</path>
	<source>
		<database>roboflow.com</database>
	</source>
	<size>
		<width>640</width>
		<height>640</height>
		<depth>3</depth>
	</size>
	<segmented>0</segmented>
	<object>
		<name>LicensePlate</name>
		<pose>Unspecified</pose>
		<truncated>0</truncated>
		<difficult>0</difficult>
		<occluded>0</occluded>
		<bndbox>
			<xmin>186</xmin>
			<xmax>441</xmax>
			<ymin>369</ymin>
			<ymax>471</ymax>
		</bndbox>
	</object>
</annotation>
