<annotation>
	<folder></folder>
	<filename>2302b12c-3d74-4d6c-b376-ba8ab308a8c3___big_215451_1320738450-jpg_jpeg.rf.ced232fa768ef8e25b256cf648a7f300.jpg</filename>
	<path>2302b12c-3d74-4d6c-b376-ba8ab308a8c3___big_215451_1320738450-jpg_jpeg.rf.ced232fa768ef8e25b256cf648a7f300.jpg</path>
	<source>
		<database>roboflow.com</database>
	</source>
	<size>
		<width>640</width>
		<height>640</height>
		<depth>3</depth>
	</size>
	<segmented>0</segmented>
	<object>
		<name>LicensePlate</name>
		<pose>Unspecified</pose>
		<truncated>0</truncated>
		<difficult>0</difficult>
		<occluded>0</occluded>
		<bndbox>
			<xmin>235</xmin>
			<xmax>376</xmax>
			<ymin>426</ymin>
			<ymax>507</ymax>
		</bndbox>
	</object>
</annotation>
