<annotation>
	<folder></folder>
	<filename>23d775eb-842f-4f57-ad7a-affafa21660a___215453-new-2016-maruti-ertiga-granite-grey-zdi-shvs-highway-champion-img_8168-jpg_jpeg.rf.95dc4e31897f4b75198e3987de54eec1.jpg</filename>
	<path>23d775eb-842f-4f57-ad7a-affafa21660a___215453-new-2016-maruti-ertiga-granite-grey-zdi-shvs-highway-champion-img_8168-jpg_jpeg.rf.95dc4e31897f4b75198e3987de54eec1.jpg</path>
	<source>
		<database>roboflow.com</database>
	</source>
	<size>
		<width>640</width>
		<height>640</height>
		<depth>3</depth>
	</size>
	<segmented>0</segmented>
	<object>
		<name>LicensePlate</name>
		<pose>Unspecified</pose>
		<truncated>0</truncated>
		<difficult>0</difficult>
		<occluded>0</occluded>
		<bndbox>
			<xmin>115</xmin>
			<xmax>348</xmax>
			<ymin>313</ymin>
			<ymax>428</ymax>
		</bndbox>
	</object>
</annotation>
