<annotation>
	<folder></folder>
	<filename>2430703d-0fb3-4eb2-9765-4f9301f232cd___3e7fd381-0ae5-4421-8a70-279ee0ec1c61_Terrano-Duster-Rear-Comparison_jpg.rf.3ad9e4baee6d9781d2f35ec235ddc359.jpg</filename>
	<path>2430703d-0fb3-4eb2-9765-4f9301f232cd___3e7fd381-0ae5-4421-8a70-279ee0ec1c61_Terrano-Duster-Rear-Comparison_jpg.rf.3ad9e4baee6d9781d2f35ec235ddc359.jpg</path>
	<source>
		<database>roboflow.com</database>
	</source>
	<size>
		<width>640</width>
		<height>640</height>
		<depth>3</depth>
	</size>
	<segmented>0</segmented>
	<object>
		<name>LicensePlate</name>
		<pose>Unspecified</pose>
		<truncated>0</truncated>
		<difficult>0</difficult>
		<occluded>0</occluded>
		<bndbox>
			<xmin>374</xmin>
			<xmax>507</xmax>
			<ymin>282</ymin>
			<ymax>339</ymax>
		</bndbox>
	</object>
</annotation>
