<annotation>
	<folder></folder>
	<filename>254b647f-4cb3-46c3-a206-4e70041f4c78___speedex-number-plates-nandanam-chennai-car-number-plate-dealers-33nu2i6-jpg_jpeg.rf.8e2305c8ab31eaa14b13714c531870f7.jpg</filename>
	<path>254b647f-4cb3-46c3-a206-4e70041f4c78___speedex-number-plates-nandanam-chennai-car-number-plate-dealers-33nu2i6-jpg_jpeg.rf.8e2305c8ab31eaa14b13714c531870f7.jpg</path>
	<source>
		<database>roboflow.com</database>
	</source>
	<size>
		<width>640</width>
		<height>640</height>
		<depth>3</depth>
	</size>
	<segmented>0</segmented>
	<object>
		<name>LicensePlate</name>
		<pose>Unspecified</pose>
		<truncated>0</truncated>
		<difficult>0</difficult>
		<occluded>0</occluded>
		<bndbox>
			<xmin>217</xmin>
			<xmax>400</xmax>
			<ymin>203</ymin>
			<ymax>264</ymax>
		</bndbox>
	</object>
</annotation>
