<annotation>
	<folder></folder>
	<filename>266d82c7-1b64-44cd-b77c-c08d98175390___3e7fd381-0ae5-4421-8a70-279ee0ec1c61_5c752daa8d168dec865fe0462bf2c0bb_large_jpg.rf.23d2100a1b9c64f7bafaece6c8988dbe.jpg</filename>
	<path>266d82c7-1b64-44cd-b77c-c08d98175390___3e7fd381-0ae5-4421-8a70-279ee0ec1c61_5c752daa8d168dec865fe0462bf2c0bb_large_jpg.rf.23d2100a1b9c64f7bafaece6c8988dbe.jpg</path>
	<source>
		<database>roboflow.com</database>
	</source>
	<size>
		<width>640</width>
		<height>640</height>
		<depth>3</depth>
	</size>
	<segmented>0</segmented>
	<object>
		<name>LicensePlate</name>
		<pose>Unspecified</pose>
		<truncated>0</truncated>
		<difficult>0</difficult>
		<occluded>0</occluded>
		<bndbox>
			<xmin>222</xmin>
			<xmax>386</xmax>
			<ymin>490</ymin>
			<ymax>527</ymax>
		</bndbox>
	</object>
</annotation>
