<annotation>
	<folder></folder>
	<filename>26d2b905-4055-41fe-a933-47db0e8a0a7f___37cba8c3f681f0cb5694f16a4c54aa7b-jpg_jpeg.rf.ee4d87042259e06e7379cf038775adef.jpg</filename>
	<path>26d2b905-4055-41fe-a933-47db0e8a0a7f___37cba8c3f681f0cb5694f16a4c54aa7b-jpg_jpeg.rf.ee4d87042259e06e7379cf038775adef.jpg</path>
	<source>
		<database>roboflow.com</database>
	</source>
	<size>
		<width>640</width>
		<height>640</height>
		<depth>3</depth>
	</size>
	<segmented>0</segmented>
	<object>
		<name>LicensePlate</name>
		<pose>Unspecified</pose>
		<truncated>0</truncated>
		<difficult>0</difficult>
		<occluded>0</occluded>
		<bndbox>
			<xmin>53</xmin>
			<xmax>131</xmax>
			<ymin>392</ymin>
			<ymax>491</ymax>
		</bndbox>
	</object>
</annotation>
