<annotation>
	<folder></folder>
	<filename>27a88c24-0bf2-48b0-98a8-fa396e951045___3e7fd381-0ae5-4421-8a70-279ee0ec1c61_7T4G0491-e1376988169395-1024x577_jpg.rf.9cc07faddd7859bfad8119d3cea44141.jpg</filename>
	<path>27a88c24-0bf2-48b0-98a8-fa396e951045___3e7fd381-0ae5-4421-8a70-279ee0ec1c61_7T4G0491-e1376988169395-1024x577_jpg.rf.9cc07faddd7859bfad8119d3cea44141.jpg</path>
	<source>
		<database>roboflow.com</database>
	</source>
	<size>
		<width>640</width>
		<height>640</height>
		<depth>3</depth>
	</size>
	<segmented>0</segmented>
	<object>
		<name>LicensePlate</name>
		<pose>Unspecified</pose>
		<truncated>0</truncated>
		<difficult>0</difficult>
		<occluded>0</occluded>
		<bndbox>
			<xmin>370</xmin>
			<xmax>435</xmax>
			<ymin>324</ymin>
			<ymax>377</ymax>
		</bndbox>
	</object>
</annotation>
