<annotation>
	<folder></folder>
	<filename>27bfd7b7-6e0c-454c-b9f3-7a44d36edb9c___3e7fd381-0ae5-4421-8a70-279ee0ec1c61_nissan-terrano-rear-right-side-angle-view_jpg.rf.d08856a58f5d938d8d198cec1985c8e5.jpg</filename>
	<path>27bfd7b7-6e0c-454c-b9f3-7a44d36edb9c___3e7fd381-0ae5-4421-8a70-279ee0ec1c61_nissan-terrano-rear-right-side-angle-view_jpg.rf.d08856a58f5d938d8d198cec1985c8e5.jpg</path>
	<source>
		<database>roboflow.com</database>
	</source>
	<size>
		<width>640</width>
		<height>640</height>
		<depth>3</depth>
	</size>
	<segmented>0</segmented>
	<object>
		<name>LicensePlate</name>
		<pose>Unspecified</pose>
		<truncated>0</truncated>
		<difficult>0</difficult>
		<occluded>0</occluded>
		<bndbox>
			<xmin>84</xmin>
			<xmax>210</xmax>
			<ymin>399</ymin>
			<ymax>489</ymax>
		</bndbox>
	</object>
</annotation>
