<annotation>
	<folder></folder>
	<filename>2adfb5e7-e70a-4749-b5fa-8c233c0d47d9___new_1572920d1478091901-your-favourite-number-plate-font-jetta-german-font-jpg_jpeg.rf.9aa8940e23ceb89858bd971f2a593411.jpg</filename>
	<path>2adfb5e7-e70a-4749-b5fa-8c233c0d47d9___new_1572920d1478091901-your-favourite-number-plate-font-jetta-german-font-jpg_jpeg.rf.9aa8940e23ceb89858bd971f2a593411.jpg</path>
	<source>
		<database>roboflow.com</database>
	</source>
	<size>
		<width>640</width>
		<height>640</height>
		<depth>3</depth>
	</size>
	<segmented>0</segmented>
	<object>
		<name>LicensePlate</name>
		<pose>Unspecified</pose>
		<truncated>0</truncated>
		<difficult>0</difficult>
		<occluded>0</occluded>
		<bndbox>
			<xmin>198</xmin>
			<xmax>476</xmax>
			<ymin>234</ymin>
			<ymax>375</ymax>
		</bndbox>
	</object>
</annotation>
