<annotation>
	<folder></folder>
	<filename>2e23964b-ce59-4bcf-8c35-98f3a096a748___design-ind-number-plates-vijayanagar-bangalore-number-plate-dealers-2etqybj-jpg_jpeg.rf.d83baf67c4ab3f4187a6f8f08303c561.jpg</filename>
	<path>2e23964b-ce59-4bcf-8c35-98f3a096a748___design-ind-number-plates-vijayanagar-bangalore-number-plate-dealers-2etqybj-jpg_jpeg.rf.d83baf67c4ab3f4187a6f8f08303c561.jpg</path>
	<source>
		<database>roboflow.com</database>
	</source>
	<size>
		<width>640</width>
		<height>640</height>
		<depth>3</depth>
	</size>
	<segmented>0</segmented>
	<object>
		<name>LicensePlate</name>
		<pose>Unspecified</pose>
		<truncated>0</truncated>
		<difficult>0</difficult>
		<occluded>0</occluded>
		<bndbox>
			<xmin>1</xmin>
			<xmax>599</xmax>
			<ymin>52</ymin>
			<ymax>457</ymax>
		</bndbox>
	</object>
</annotation>
