<annotation>
	<folder></folder>
	<filename>2fbe224b-e775-4c74-b975-fd66d2397ef6___3e7fd381-0ae5-4421-8a70-279ee0ec1c61_Nissan-Terrano_jpg.rf.e8494235549509b9daa84e880d62722c.jpg</filename>
	<path>2fbe224b-e775-4c74-b975-fd66d2397ef6___3e7fd381-0ae5-4421-8a70-279ee0ec1c61_Nissan-Terrano_jpg.rf.e8494235549509b9daa84e880d62722c.jpg</path>
	<source>
		<database>roboflow.com</database>
	</source>
	<size>
		<width>640</width>
		<height>640</height>
		<depth>3</depth>
	</size>
	<segmented>0</segmented>
	<object>
		<name>LicensePlate</name>
		<pose>Unspecified</pose>
		<truncated>0</truncated>
		<difficult>0</difficult>
		<occluded>0</occluded>
		<bndbox>
			<xmin>444</xmin>
			<xmax>484</xmax>
			<ymin>324</ymin>
			<ymax>351</ymax>
		</bndbox>
	</object>
</annotation>
