<annotation>
	<folder></folder>
	<filename>304b14b8-dc3c-41cb-94b6-635864e2e964___number-plate-protector-car-safeplate-250x250-jpg_jpeg.rf.45519f10ba022f92b138dab5f964f91d.jpg</filename>
	<path>304b14b8-dc3c-41cb-94b6-635864e2e964___number-plate-protector-car-safeplate-250x250-jpg_jpeg.rf.45519f10ba022f92b138dab5f964f91d.jpg</path>
	<source>
		<database>roboflow.com</database>
	</source>
	<size>
		<width>640</width>
		<height>640</height>
		<depth>3</depth>
	</size>
	<segmented>0</segmented>
	<object>
		<name>LicensePlate</name>
		<pose>Unspecified</pose>
		<truncated>0</truncated>
		<difficult>0</difficult>
		<occluded>0</occluded>
		<bndbox>
			<xmin>24</xmin>
			<xmax>623</xmax>
			<ymin>221</ymin>
			<ymax>449</ymax>
		</bndbox>
	</object>
</annotation>
