<annotation>
	<folder></folder>
	<filename>31847e78-6696-4dc2-be08-cb37d512c576___2010_Maruti_WagonR_Review-jpg_jpeg.rf.bab12054c1b6a98c7e9f7911ef3a1671.jpg</filename>
	<path>31847e78-6696-4dc2-be08-cb37d512c576___2010_Maruti_WagonR_Review-jpg_jpeg.rf.bab12054c1b6a98c7e9f7911ef3a1671.jpg</path>
	<source>
		<database>roboflow.com</database>
	</source>
	<size>
		<width>640</width>
		<height>640</height>
		<depth>3</depth>
	</size>
	<segmented>0</segmented>
	<object>
		<name>LicensePlate</name>
		<pose>Unspecified</pose>
		<truncated>0</truncated>
		<difficult>0</difficult>
		<occluded>0</occluded>
		<bndbox>
			<xmin>37</xmin>
			<xmax>206</xmax>
			<ymin>414</ymin>
			<ymax>508</ymax>
		</bndbox>
	</object>
</annotation>
