<annotation>
	<folder></folder>
	<filename>3515f71d-cdd6-4050-ae68-7b7afd4c0a11___8_jpeg.rf.24b643111285bf86837cd700ecee18be.jpg</filename>
	<path>3515f71d-cdd6-4050-ae68-7b7afd4c0a11___8_jpeg.rf.24b643111285bf86837cd700ecee18be.jpg</path>
	<source>
		<database>roboflow.com</database>
	</source>
	<size>
		<width>640</width>
		<height>640</height>
		<depth>3</depth>
	</size>
	<segmented>0</segmented>
	<object>
		<name>LicensePlate</name>
		<pose>Unspecified</pose>
		<truncated>0</truncated>
		<difficult>0</difficult>
		<occluded>0</occluded>
		<bndbox>
			<xmin>113</xmin>
			<xmax>477</xmax>
			<ymin>283</ymin>
			<ymax>445</ymax>
		</bndbox>
	</object>
</annotation>
