<annotation>
	<folder></folder>
	<filename>351a22eb-bf0a-44d6-8b6d-5ffca753c261___bike-number-plate-500x500-jpg_jpeg.rf.9ce62ae980fe9cf5916c93b526d633fc.jpg</filename>
	<path>351a22eb-bf0a-44d6-8b6d-5ffca753c261___bike-number-plate-500x500-jpg_jpeg.rf.9ce62ae980fe9cf5916c93b526d633fc.jpg</path>
	<source>
		<database>roboflow.com</database>
	</source>
	<size>
		<width>640</width>
		<height>640</height>
		<depth>3</depth>
	</size>
	<segmented>0</segmented>
	<object>
		<name>LicensePlate</name>
		<pose>Unspecified</pose>
		<truncated>0</truncated>
		<difficult>0</difficult>
		<occluded>0</occluded>
		<bndbox>
			<xmin>142</xmin>
			<xmax>330</xmax>
			<ymin>248</ymin>
			<ymax>413</ymax>
		</bndbox>
	</object>
</annotation>
