<annotation>
	<folder></folder>
	<filename>369ccb4b-88fe-4e97-91c1-3838da2b7563___3e7fd381-0ae5-4421-8a70-279ee0ec1c61_Honda-Jazz-Number-Plates-Designs_jpg.rf.cd198e3bb2b03e497ef77477bf70e3bd.jpg</filename>
	<path>369ccb4b-88fe-4e97-91c1-3838da2b7563___3e7fd381-0ae5-4421-8a70-279ee0ec1c61_Honda-Jazz-Number-Plates-Designs_jpg.rf.cd198e3bb2b03e497ef77477bf70e3bd.jpg</path>
	<source>
		<database>roboflow.com</database>
	</source>
	<size>
		<width>640</width>
		<height>640</height>
		<depth>3</depth>
	</size>
	<segmented>0</segmented>
	<object>
		<name>LicensePlate</name>
		<pose>Unspecified</pose>
		<truncated>0</truncated>
		<difficult>0</difficult>
		<occluded>0</occluded>
		<bndbox>
			<xmin>193</xmin>
			<xmax>459</xmax>
			<ymin>179</ymin>
			<ymax>354</ymax>
		</bndbox>
	</object>
</annotation>
