<annotation>
	<folder></folder>
	<filename>377b225b-e978-4e7c-8e5e-f10d8effc336___Maruti-Suzuki-Ignis-Rear-view-94486-jpg_jpeg.rf.b335bb0bf862cf5636964f139e4b1f93.jpg</filename>
	<path>377b225b-e978-4e7c-8e5e-f10d8effc336___Maruti-Suzuki-Ignis-Rear-view-94486-jpg_jpeg.rf.b335bb0bf862cf5636964f139e4b1f93.jpg</path>
	<source>
		<database>roboflow.com</database>
	</source>
	<size>
		<width>640</width>
		<height>640</height>
		<depth>3</depth>
	</size>
	<segmented>0</segmented>
	<object>
		<name>LicensePlate</name>
		<pose>Unspecified</pose>
		<truncated>0</truncated>
		<difficult>0</difficult>
		<occluded>0</occluded>
		<bndbox>
			<xmin>164</xmin>
			<xmax>336</xmax>
			<ymin>436</ymin>
			<ymax>525</ymax>
		</bndbox>
	</object>
</annotation>
