<annotation>
	<folder></folder>
	<filename>38cee3dd-dead-4ba0-b350-0f82d94836da___3e7fd381-0ae5-4421-8a70-279ee0ec1c61_big_467860_1505633598_jpg.rf.2d22b4b101a837485a0376ad0dd2ba1e.jpg</filename>
	<path>38cee3dd-dead-4ba0-b350-0f82d94836da___3e7fd381-0ae5-4421-8a70-279ee0ec1c61_big_467860_1505633598_jpg.rf.2d22b4b101a837485a0376ad0dd2ba1e.jpg</path>
	<source>
		<database>roboflow.com</database>
	</source>
	<size>
		<width>640</width>
		<height>640</height>
		<depth>3</depth>
	</size>
	<segmented>0</segmented>
	<object>
		<name>LicensePlate</name>
		<pose>Unspecified</pose>
		<truncated>0</truncated>
		<difficult>0</difficult>
		<occluded>0</occluded>
		<bndbox>
			<xmin>310</xmin>
			<xmax>409</xmax>
			<ymin>453</ymin>
			<ymax>486</ymax>
		</bndbox>
	</object>
</annotation>
