<annotation>
	<folder></folder>
	<filename>3bc3f147-2d6b-484a-8481-4a49fd8afe23___3e7fd381-0ae5-4421-8a70-279ee0ec1c61_844581764_1_1080x720_nissan-terrano-xv-d-thp-110-ps-2013-diesel-faridabad_jpg.rf.e331e608726d8a4b5dff9f4de822db10.jpg</filename>
	<path>3bc3f147-2d6b-484a-8481-4a49fd8afe23___3e7fd381-0ae5-4421-8a70-279ee0ec1c61_844581764_1_1080x720_nissan-terrano-xv-d-thp-110-ps-2013-diesel-faridabad_jpg.rf.e331e608726d8a4b5dff9f4de822db10.jpg</path>
	<source>
		<database>roboflow.com</database>
	</source>
	<size>
		<width>640</width>
		<height>640</height>
		<depth>3</depth>
	</size>
	<segmented>0</segmented>
	<object>
		<name>LicensePlate</name>
		<pose>Unspecified</pose>
		<truncated>0</truncated>
		<difficult>0</difficult>
		<occluded>0</occluded>
		<bndbox>
			<xmin>228</xmin>
			<xmax>466</xmax>
			<ymin>456</ymin>
			<ymax>493</ymax>
		</bndbox>
	</object>
</annotation>
