<annotation>
	<folder></folder>
	<filename>3c0a3772-d18d-4ff7-861c-7e50b7974edb___1393874-take-look-number-plate-imageuploadedbyteambhp1437414250-447892-jpg_jpeg.rf.b52d62f544754b2cc661e203cd41e72e.jpg</filename>
	<path>3c0a3772-d18d-4ff7-861c-7e50b7974edb___1393874-take-look-number-plate-imageuploadedbyteambhp1437414250-447892-jpg_jpeg.rf.b52d62f544754b2cc661e203cd41e72e.jpg</path>
	<source>
		<database>roboflow.com</database>
	</source>
	<size>
		<width>640</width>
		<height>640</height>
		<depth>3</depth>
	</size>
	<segmented>0</segmented>
	<object>
		<name>LicensePlate</name>
		<pose>Unspecified</pose>
		<truncated>0</truncated>
		<difficult>0</difficult>
		<occluded>0</occluded>
		<bndbox>
			<xmin>211</xmin>
			<xmax>460</xmax>
			<ymin>332</ymin>
			<ymax>424</ymax>
		</bndbox>
	</object>
</annotation>
