<annotation>
	<folder></folder>
	<filename>3fd93f90-f778-4f14-8b0f-67dd0be88a06___561644d1308248087-beware-fake-registration-numbers-imported-cars-proof-pg-3-257491_10150223034216705_685851704_7325894_6829197_o-jpg_jpeg.rf.8d594e11d6bd74b1e17ad86df2396eca.jpg</filename>
	<path>3fd93f90-f778-4f14-8b0f-67dd0be88a06___561644d1308248087-beware-fake-registration-numbers-imported-cars-proof-pg-3-257491_10150223034216705_685851704_7325894_6829197_o-jpg_jpeg.rf.8d594e11d6bd74b1e17ad86df2396eca.jpg</path>
	<source>
		<database>roboflow.com</database>
	</source>
	<size>
		<width>640</width>
		<height>640</height>
		<depth>3</depth>
	</size>
	<segmented>0</segmented>
	<object>
		<name>LicensePlate</name>
		<pose>Unspecified</pose>
		<truncated>0</truncated>
		<difficult>0</difficult>
		<occluded>0</occluded>
		<bndbox>
			<xmin>122</xmin>
			<xmax>282</xmax>
			<ymin>288</ymin>
			<ymax>371</ymax>
		</bndbox>
	</object>
</annotation>
