<annotation>
	<folder></folder>
	<filename>3febea0e-53c0-4b30-880c-3061458b93ce___Maruti-Vitara-Brezza-rear-end-full-review-jpg_jpeg.rf.a270a4aac555da42a32dd84c02398236.jpg</filename>
	<path>3febea0e-53c0-4b30-880c-3061458b93ce___Maruti-Vitara-Brezza-rear-end-full-review-jpg_jpeg.rf.a270a4aac555da42a32dd84c02398236.jpg</path>
	<source>
		<database>roboflow.com</database>
	</source>
	<size>
		<width>640</width>
		<height>640</height>
		<depth>3</depth>
	</size>
	<segmented>0</segmented>
	<object>
		<name>LicensePlate</name>
		<pose>Unspecified</pose>
		<truncated>0</truncated>
		<difficult>0</difficult>
		<occluded>0</occluded>
		<bndbox>
			<xmin>317</xmin>
			<xmax>521</xmax>
			<ymin>278</ymin>
			<ymax>469</ymax>
		</bndbox>
	</object>
</annotation>
