<annotation>
	<folder></folder>
	<filename>41de2ad0-3785-488e-9f1f-75b76f446cc7___Maruti-Alto-K10-Photos-2-jpg_jpeg.rf.eda0ccc31133fde578a71aa0862b8027.jpg</filename>
	<path>41de2ad0-3785-488e-9f1f-75b76f446cc7___Maruti-Alto-K10-Photos-2-jpg_jpeg.rf.eda0ccc31133fde578a71aa0862b8027.jpg</path>
	<source>
		<database>roboflow.com</database>
	</source>
	<size>
		<width>640</width>
		<height>640</height>
		<depth>3</depth>
	</size>
	<segmented>0</segmented>
	<object>
		<name>LicensePlate</name>
		<pose>Unspecified</pose>
		<truncated>0</truncated>
		<difficult>0</difficult>
		<occluded>0</occluded>
		<bndbox>
			<xmin>184</xmin>
			<xmax>432</xmax>
			<ymin>468</ymin>
			<ymax>543</ymax>
		</bndbox>
	</object>
</annotation>
