<annotation>
	<folder></folder>
	<filename>4434b404-dd10-4150-b226-b76b6ef95e43___new_224489195_8_1000x700_skoda-superb-2010-jpg_jpeg.rf.860cee580426ce085fe09733f787f8e0.jpg</filename>
	<path>4434b404-dd10-4150-b226-b76b6ef95e43___new_224489195_8_1000x700_skoda-superb-2010-jpg_jpeg.rf.860cee580426ce085fe09733f787f8e0.jpg</path>
	<source>
		<database>roboflow.com</database>
	</source>
	<size>
		<width>640</width>
		<height>640</height>
		<depth>3</depth>
	</size>
	<segmented>0</segmented>
	<object>
		<name>LicensePlate</name>
		<pose>Unspecified</pose>
		<truncated>0</truncated>
		<difficult>0</difficult>
		<occluded>0</occluded>
		<bndbox>
			<xmin>225</xmin>
			<xmax>493</xmax>
			<ymin>406</ymin>
			<ymax>538</ymax>
		</bndbox>
	</object>
</annotation>
