<annotation>
	<folder></folder>
	<filename>44ee098a-c33c-47a2-9dcb-717c02d5a240___3e7fd381-0ae5-4421-8a70-279ee0ec1c61_2013-Nissan-Terrano-Front_jpg.rf.747cd7f2d316a2bbc80b771140685a03.jpg</filename>
	<path>44ee098a-c33c-47a2-9dcb-717c02d5a240___3e7fd381-0ae5-4421-8a70-279ee0ec1c61_2013-Nissan-Terrano-Front_jpg.rf.747cd7f2d316a2bbc80b771140685a03.jpg</path>
	<source>
		<database>roboflow.com</database>
	</source>
	<size>
		<width>640</width>
		<height>640</height>
		<depth>3</depth>
	</size>
	<segmented>0</segmented>
	<object>
		<name>LicensePlate</name>
		<pose>Unspecified</pose>
		<truncated>0</truncated>
		<difficult>0</difficult>
		<occluded>0</occluded>
		<bndbox>
			<xmin>167</xmin>
			<xmax>313</xmax>
			<ymin>464</ymin>
			<ymax>521</ymax>
		</bndbox>
	</object>
</annotation>
