<annotation>
	<folder></folder>
	<filename>49bdf0d9-4e64-41eb-9c19-eabdc4afb051___Maruti-Suzuki-Ciaz-Photos-30-JPG_jpeg.rf.da81c302b65efd706f92ccbab6ab05f4.jpg</filename>
	<path>49bdf0d9-4e64-41eb-9c19-eabdc4afb051___Maruti-Suzuki-Ciaz-Photos-30-JPG_jpeg.rf.da81c302b65efd706f92ccbab6ab05f4.jpg</path>
	<source>
		<database>roboflow.com</database>
	</source>
	<size>
		<width>640</width>
		<height>640</height>
		<depth>3</depth>
	</size>
	<segmented>0</segmented>
	<object>
		<name>LicensePlate</name>
		<pose>Unspecified</pose>
		<truncated>0</truncated>
		<difficult>0</difficult>
		<occluded>0</occluded>
		<bndbox>
			<xmin>211</xmin>
			<xmax>379</xmax>
			<ymin>256</ymin>
			<ymax>336</ymax>
		</bndbox>
	</object>
</annotation>
