<annotation>
	<folder></folder>
	<filename>4b669e6d-4eec-4f46-b502-f64ee0175947___new_1_jpg.rf.7034199f779b3935b8ea56038e775873.jpg</filename>
	<path>4b669e6d-4eec-4f46-b502-f64ee0175947___new_1_jpg.rf.7034199f779b3935b8ea56038e775873.jpg</path>
	<source>
		<database>roboflow.com</database>
	</source>
	<size>
		<width>640</width>
		<height>640</height>
		<depth>3</depth>
	</size>
	<segmented>0</segmented>
	<object>
		<name>LicensePlate</name>
		<pose>Unspecified</pose>
		<truncated>0</truncated>
		<difficult>0</difficult>
		<occluded>0</occluded>
		<bndbox>
			<xmin>177</xmin>
			<xmax>559</xmax>
			<ymin>119</ymin>
			<ymax>362</ymax>
		</bndbox>
	</object>
</annotation>
