<annotation>
	<folder></folder>
	<filename>4be1ff39-b2ad-45e0-9c9a-0e7215cbb5b6___2-jpg_jpeg.rf.edb3002b6786ff2917c13a7370baf945.jpg</filename>
	<path>4be1ff39-b2ad-45e0-9c9a-0e7215cbb5b6___2-jpg_jpeg.rf.edb3002b6786ff2917c13a7370baf945.jpg</path>
	<source>
		<database>roboflow.com</database>
	</source>
	<size>
		<width>640</width>
		<height>640</height>
		<depth>3</depth>
	</size>
	<segmented>0</segmented>
	<object>
		<name>LicensePlate</name>
		<pose>Unspecified</pose>
		<truncated>0</truncated>
		<difficult>0</difficult>
		<occluded>0</occluded>
		<bndbox>
			<xmin>1</xmin>
			<xmax>639</xmax>
			<ymin>229</ymin>
			<ymax>453</ymax>
		</bndbox>
	</object>
</annotation>
