<annotation>
	<folder></folder>
	<filename>4eb236a3-6547-4103-b46f-3756d21128a9___06-Sanjay-Dutt-jpg_jpeg.rf.07150a289e35cd855ca3a3f006883f7a.jpg</filename>
	<path>4eb236a3-6547-4103-b46f-3756d21128a9___06-Sanjay-Dutt-jpg_jpeg.rf.07150a289e35cd855ca3a3f006883f7a.jpg</path>
	<source>
		<database>roboflow.com</database>
	</source>
	<size>
		<width>640</width>
		<height>640</height>
		<depth>3</depth>
	</size>
	<segmented>0</segmented>
	<object>
		<name>LicensePlate</name>
		<pose>Unspecified</pose>
		<truncated>0</truncated>
		<difficult>0</difficult>
		<occluded>0</occluded>
		<bndbox>
			<xmin>110</xmin>
			<xmax>331</xmax>
			<ymin>551</ymin>
			<ymax>640</ymax>
		</bndbox>
	</object>
</annotation>
