<annotation>
	<folder></folder>
	<filename>4f86fbad-3a04-4c11-a8fa-e897727fc2c7___Number-plate-1-jpg_jpeg.rf.9e12b3b6c96561cc1326a51bb77d77a6.jpg</filename>
	<path>4f86fbad-3a04-4c11-a8fa-e897727fc2c7___Number-plate-1-jpg_jpeg.rf.9e12b3b6c96561cc1326a51bb77d77a6.jpg</path>
	<source>
		<database>roboflow.com</database>
	</source>
	<size>
		<width>640</width>
		<height>640</height>
		<depth>3</depth>
	</size>
	<segmented>0</segmented>
	<object>
		<name>LicensePlate</name>
		<pose>Unspecified</pose>
		<truncated>0</truncated>
		<difficult>0</difficult>
		<occluded>0</occluded>
		<bndbox>
			<xmin>309</xmin>
			<xmax>560</xmax>
			<ymin>350</ymin>
			<ymax>448</ymax>
		</bndbox>
	</object>
</annotation>
