<annotation>
	<folder></folder>
	<filename>52abe2c4-fde3-45b2-beec-f070e6ed98c7___Volkswagen-Vento-Rear-view-46765-jpg_jpeg.rf.5cfb7f1633d24480b3eb76bfe90e908d.jpg</filename>
	<path>52abe2c4-fde3-45b2-beec-f070e6ed98c7___Volkswagen-Vento-Rear-view-46765-jpg_jpeg.rf.5cfb7f1633d24480b3eb76bfe90e908d.jpg</path>
	<source>
		<database>roboflow.com</database>
	</source>
	<size>
		<width>640</width>
		<height>640</height>
		<depth>3</depth>
	</size>
	<segmented>0</segmented>
	<object>
		<name>LicensePlate</name>
		<pose>Unspecified</pose>
		<truncated>0</truncated>
		<difficult>0</difficult>
		<occluded>0</occluded>
		<bndbox>
			<xmin>255</xmin>
			<xmax>376</xmax>
			<ymin>358</ymin>
			<ymax>411</ymax>
		</bndbox>
	</object>
</annotation>
