<annotation>
	<folder></folder>
	<filename>52b45060-9645-47c7-882d-b69a5bf07eff___1006372d1351343820-my-new-maruti-swift-zxi-21102012241-jpg_jpeg.rf.3ae395b28a6a348ed3553ec2f946c617.jpg</filename>
	<path>52b45060-9645-47c7-882d-b69a5bf07eff___1006372d1351343820-my-new-maruti-swift-zxi-21102012241-jpg_jpeg.rf.3ae395b28a6a348ed3553ec2f946c617.jpg</path>
	<source>
		<database>roboflow.com</database>
	</source>
	<size>
		<width>640</width>
		<height>640</height>
		<depth>3</depth>
	</size>
	<segmented>0</segmented>
	<object>
		<name>LicensePlate</name>
		<pose>Unspecified</pose>
		<truncated>0</truncated>
		<difficult>0</difficult>
		<occluded>0</occluded>
		<bndbox>
			<xmin>280</xmin>
			<xmax>441</xmax>
			<ymin>430</ymin>
			<ymax>482</ymax>
		</bndbox>
	</object>
</annotation>
