<annotation>
	<folder></folder>
	<filename>5345a45f-8d1b-4984-b5ee-a69fc4cbda6a___new__bd7f7862-d727-11e7-ad30-e18a56154311-jpg_jpeg.rf.71b74d5c7f28a6e6e3408842bb394522.jpg</filename>
	<path>5345a45f-8d1b-4984-b5ee-a69fc4cbda6a___new__bd7f7862-d727-11e7-ad30-e18a56154311-jpg_jpeg.rf.71b74d5c7f28a6e6e3408842bb394522.jpg</path>
	<source>
		<database>roboflow.com</database>
	</source>
	<size>
		<width>640</width>
		<height>640</height>
		<depth>3</depth>
	</size>
	<segmented>0</segmented>
	<object>
		<name>LicensePlate</name>
		<pose>Unspecified</pose>
		<truncated>0</truncated>
		<difficult>0</difficult>
		<occluded>0</occluded>
		<bndbox>
			<xmin>463</xmin>
			<xmax>555</xmax>
			<ymin>384</ymin>
			<ymax>433</ymax>
		</bndbox>
	</object>
</annotation>
