<annotation>
	<folder></folder>
	<filename>55aa4ee8-13fd-45bd-b83b-651ac665d71a___200560387_4_1000x700_2012-toyota-innova-diesel-130000-kms-cars-jpg_jpeg.rf.48b245f3c618287ea492516d839c5c1f.jpg</filename>
	<path>55aa4ee8-13fd-45bd-b83b-651ac665d71a___200560387_4_1000x700_2012-toyota-innova-diesel-130000-kms-cars-jpg_jpeg.rf.48b245f3c618287ea492516d839c5c1f.jpg</path>
	<source>
		<database>roboflow.com</database>
	</source>
	<size>
		<width>640</width>
		<height>640</height>
		<depth>3</depth>
	</size>
	<segmented>0</segmented>
	<object>
		<name>LicensePlate</name>
		<pose>Unspecified</pose>
		<truncated>0</truncated>
		<difficult>0</difficult>
		<occluded>0</occluded>
		<bndbox>
			<xmin>193</xmin>
			<xmax>400</xmax>
			<ymin>335</ymin>
			<ymax>391</ymax>
		</bndbox>
	</object>
</annotation>
