<annotation>
	<folder></folder>
	<filename>56b46df3-223c-42c8-a6bf-e95e5bac29cc___9214a754343030395508e104d7948167_large-jpg_jpeg.rf.ccc6d6e912532a834b19e0e69f06e085.jpg</filename>
	<path>56b46df3-223c-42c8-a6bf-e95e5bac29cc___9214a754343030395508e104d7948167_large-jpg_jpeg.rf.ccc6d6e912532a834b19e0e69f06e085.jpg</path>
	<source>
		<database>roboflow.com</database>
	</source>
	<size>
		<width>640</width>
		<height>640</height>
		<depth>3</depth>
	</size>
	<segmented>0</segmented>
	<object>
		<name>LicensePlate</name>
		<pose>Unspecified</pose>
		<truncated>0</truncated>
		<difficult>0</difficult>
		<occluded>0</occluded>
		<bndbox>
			<xmin>156</xmin>
			<xmax>422</xmax>
			<ymin>497</ymin>
			<ymax>555</ymax>
		</bndbox>
	</object>
</annotation>
