<annotation>
	<folder></folder>
	<filename>5747d3e8-4dd0-435f-942d-34b84f03344c___Maruti-Suzuki-Swift-Number-Plates-Design-jpg_jpeg.rf.d02e85d2d4383904c3bf1a51ac11999a.jpg</filename>
	<path>5747d3e8-4dd0-435f-942d-34b84f03344c___Maruti-Suzuki-Swift-Number-Plates-Design-jpg_jpeg.rf.d02e85d2d4383904c3bf1a51ac11999a.jpg</path>
	<source>
		<database>roboflow.com</database>
	</source>
	<size>
		<width>640</width>
		<height>640</height>
		<depth>3</depth>
	</size>
	<segmented>0</segmented>
	<object>
		<name>LicensePlate</name>
		<pose>Unspecified</pose>
		<truncated>0</truncated>
		<difficult>0</difficult>
		<occluded>0</occluded>
		<bndbox>
			<xmin>182</xmin>
			<xmax>431</xmax>
			<ymin>373</ymin>
			<ymax>451</ymax>
		</bndbox>
	</object>
</annotation>
