<annotation>
	<folder></folder>
	<filename>59a29a85-30f5-469e-a6c2-e1af171f151c___3e7fd381-0ae5-4421-8a70-279ee0ec1c61_10187746494_417a40a489-Copy_jpg.rf.546c0c01b406f93f04dd69d9369367e0.jpg</filename>
	<path>59a29a85-30f5-469e-a6c2-e1af171f151c___3e7fd381-0ae5-4421-8a70-279ee0ec1c61_10187746494_417a40a489-Copy_jpg.rf.546c0c01b406f93f04dd69d9369367e0.jpg</path>
	<source>
		<database>roboflow.com</database>
	</source>
	<size>
		<width>640</width>
		<height>640</height>
		<depth>3</depth>
	</size>
	<segmented>0</segmented>
	<object>
		<name>LicensePlate</name>
		<pose>Unspecified</pose>
		<truncated>0</truncated>
		<difficult>0</difficult>
		<occluded>0</occluded>
		<bndbox>
			<xmin>260</xmin>
			<xmax>420</xmax>
			<ymin>348</ymin>
			<ymax>381</ymax>
		</bndbox>
	</object>
</annotation>
