<annotation>
	<folder></folder>
	<filename>59a40238-6b01-4bb9-9faf-3b595e67bcb3___3d-font-number-plate-500x500-jpg_jpeg.rf.48e4fda91a2fc404f4bdb5a34b2632cc.jpg</filename>
	<path>59a40238-6b01-4bb9-9faf-3b595e67bcb3___3d-font-number-plate-500x500-jpg_jpeg.rf.48e4fda91a2fc404f4bdb5a34b2632cc.jpg</path>
	<source>
		<database>roboflow.com</database>
	</source>
	<size>
		<width>640</width>
		<height>640</height>
		<depth>3</depth>
	</size>
	<segmented>0</segmented>
	<object>
		<name>LicensePlate</name>
		<pose>Unspecified</pose>
		<truncated>0</truncated>
		<difficult>0</difficult>
		<occluded>0</occluded>
		<bndbox>
			<xmin>250</xmin>
			<xmax>415</xmax>
			<ymin>516</ymin>
			<ymax>571</ymax>
		</bndbox>
	</object>
</annotation>
