<annotation>
	<folder></folder>
	<filename>59e121dc-ebc6-4e4c-ba88-7fe04b569218___Autopsyches-Skoda-Laura-6-jpg_jpeg.rf.2e394a3500452eb46dbcf8413f5f01be.jpg</filename>
	<path>59e121dc-ebc6-4e4c-ba88-7fe04b569218___Autopsyches-Skoda-Laura-6-jpg_jpeg.rf.2e394a3500452eb46dbcf8413f5f01be.jpg</path>
	<source>
		<database>roboflow.com</database>
	</source>
	<size>
		<width>640</width>
		<height>640</height>
		<depth>3</depth>
	</size>
	<segmented>0</segmented>
	<object>
		<name>LicensePlate</name>
		<pose>Unspecified</pose>
		<truncated>0</truncated>
		<difficult>0</difficult>
		<occluded>0</occluded>
		<bndbox>
			<xmin>250</xmin>
			<xmax>387</xmax>
			<ymin>283</ymin>
			<ymax>335</ymax>
		</bndbox>
	</object>
</annotation>
