<annotation>
	<folder></folder>
	<filename>5a4780bf-d2af-4f19-a36b-65004cd06b3d___maruti-suzuki-wagon-r-rear-left-rim-jpg_jpeg.rf.8f04ad351d6c82e6adbd1c1b0c2bdbf1.jpg</filename>
	<path>5a4780bf-d2af-4f19-a36b-65004cd06b3d___maruti-suzuki-wagon-r-rear-left-rim-jpg_jpeg.rf.8f04ad351d6c82e6adbd1c1b0c2bdbf1.jpg</path>
	<source>
		<database>roboflow.com</database>
	</source>
	<size>
		<width>640</width>
		<height>640</height>
		<depth>3</depth>
	</size>
	<segmented>0</segmented>
	<object>
		<name>LicensePlate</name>
		<pose>Unspecified</pose>
		<truncated>0</truncated>
		<difficult>0</difficult>
		<occluded>0</occluded>
		<bndbox>
			<xmin>186</xmin>
			<xmax>306</xmax>
			<ymin>335</ymin>
			<ymax>386</ymax>
		</bndbox>
	</object>
</annotation>
