<annotation>
	<folder></folder>
	<filename>5ac9f7b9-f7cc-4161-bbd1-7f377bb890bf___3e7fd381-0ae5-4421-8a70-279ee0ec1c61_Nissan-Terrano-John-Abraham_jpg.rf.9b1d7c9f809a959699f72b18cc3d9a2b.jpg</filename>
	<path>5ac9f7b9-f7cc-4161-bbd1-7f377bb890bf___3e7fd381-0ae5-4421-8a70-279ee0ec1c61_Nissan-Terrano-John-Abraham_jpg.rf.9b1d7c9f809a959699f72b18cc3d9a2b.jpg</path>
	<source>
		<database>roboflow.com</database>
	</source>
	<size>
		<width>640</width>
		<height>640</height>
		<depth>3</depth>
	</size>
	<segmented>0</segmented>
	<object>
		<name>LicensePlate</name>
		<pose>Unspecified</pose>
		<truncated>0</truncated>
		<difficult>0</difficult>
		<occluded>0</occluded>
		<bndbox>
			<xmin>273</xmin>
			<xmax>434</xmax>
			<ymin>499</ymin>
			<ymax>554</ymax>
		</bndbox>
	</object>
</annotation>
