<annotation>
	<folder></folder>
	<filename>5b49ae32-c799-45e3-b139-9c56acf6370d___2014-Volkswagen-Polo-Review-jpg_jpeg.rf.944a60d55c2f313307dfc37686f6f233.jpg</filename>
	<path>5b49ae32-c799-45e3-b139-9c56acf6370d___2014-Volkswagen-Polo-Review-jpg_jpeg.rf.944a60d55c2f313307dfc37686f6f233.jpg</path>
	<source>
		<database>roboflow.com</database>
	</source>
	<size>
		<width>640</width>
		<height>640</height>
		<depth>3</depth>
	</size>
	<segmented>0</segmented>
	<object>
		<name>LicensePlate</name>
		<pose>Unspecified</pose>
		<truncated>0</truncated>
		<difficult>0</difficult>
		<occluded>0</occluded>
		<bndbox>
			<xmin>251</xmin>
			<xmax>365</xmax>
			<ymin>400</ymin>
			<ymax>441</ymax>
		</bndbox>
	</object>
</annotation>
