<annotation>
	<folder></folder>
	<filename>5c85a40f-ce81-44b4-82b2-dfdac281217d___new_Skoda-Octavia-1-8-TSI-5-jpg_jpeg.rf.0839b14612613101046b2e5443fb781c.jpg</filename>
	<path>5c85a40f-ce81-44b4-82b2-dfdac281217d___new_Skoda-Octavia-1-8-TSI-5-jpg_jpeg.rf.0839b14612613101046b2e5443fb781c.jpg</path>
	<source>
		<database>roboflow.com</database>
	</source>
	<size>
		<width>640</width>
		<height>640</height>
		<depth>3</depth>
	</size>
	<segmented>0</segmented>
	<object>
		<name>LicensePlate</name>
		<pose>Unspecified</pose>
		<truncated>0</truncated>
		<difficult>0</difficult>
		<occluded>0</occluded>
		<bndbox>
			<xmin>229</xmin>
			<xmax>384</xmax>
			<ymin>404</ymin>
			<ymax>460</ymax>
		</bndbox>
	</object>
</annotation>
