<annotation>
	<folder></folder>
	<filename>60842fa7-0a2e-4407-b41c-933d93bdbb35___3e7fd381-0ae5-4421-8a70-279ee0ec1c61_nissan-terrano-red-rear_jpg.rf.0ade063e15bf9e6da0010fde9661505a.jpg</filename>
	<path>60842fa7-0a2e-4407-b41c-933d93bdbb35___3e7fd381-0ae5-4421-8a70-279ee0ec1c61_nissan-terrano-red-rear_jpg.rf.0ade063e15bf9e6da0010fde9661505a.jpg</path>
	<source>
		<database>roboflow.com</database>
	</source>
	<size>
		<width>640</width>
		<height>640</height>
		<depth>3</depth>
	</size>
	<segmented>0</segmented>
	<object>
		<name>LicensePlate</name>
		<pose>Unspecified</pose>
		<truncated>0</truncated>
		<difficult>0</difficult>
		<occluded>0</occluded>
		<bndbox>
			<xmin>142</xmin>
			<xmax>230</xmax>
			<ymin>313</ymin>
			<ymax>355</ymax>
		</bndbox>
	</object>
</annotation>
