<annotation>
	<folder></folder>
	<filename>6254bb73-d8a1-4f04-89a9-92caef98e233___1658240d1500548920-close-look-2017-skoda-octavia-facelift-hands-free-parking-front-bumper-jpg_jpeg.rf.7faae9ef9ac2394b625f15c0bffadb96.jpg</filename>
	<path>6254bb73-d8a1-4f04-89a9-92caef98e233___1658240d1500548920-close-look-2017-skoda-octavia-facelift-hands-free-parking-front-bumper-jpg_jpeg.rf.7faae9ef9ac2394b625f15c0bffadb96.jpg</path>
	<source>
		<database>roboflow.com</database>
	</source>
	<size>
		<width>640</width>
		<height>640</height>
		<depth>3</depth>
	</size>
	<segmented>0</segmented>
	<object>
		<name>LicensePlate</name>
		<pose>Unspecified</pose>
		<truncated>0</truncated>
		<difficult>0</difficult>
		<occluded>0</occluded>
		<bndbox>
			<xmin>209</xmin>
			<xmax>430</xmax>
			<ymin>253</ymin>
			<ymax>334</ymax>
		</bndbox>
	</object>
</annotation>
