<annotation>
	<folder></folder>
	<filename>62b58053-425c-4924-b129-c4a6580f3562___product-500x5001_jpeg.rf.1b2410f3d2b8001e32bf22e3897c18b9.jpg</filename>
	<path>62b58053-425c-4924-b129-c4a6580f3562___product-500x5001_jpeg.rf.1b2410f3d2b8001e32bf22e3897c18b9.jpg</path>
	<source>
		<database>roboflow.com</database>
	</source>
	<size>
		<width>640</width>
		<height>640</height>
		<depth>3</depth>
	</size>
	<segmented>0</segmented>
	<object>
		<name>LicensePlate</name>
		<pose>Unspecified</pose>
		<truncated>0</truncated>
		<difficult>0</difficult>
		<occluded>0</occluded>
		<bndbox>
			<xmin>296</xmin>
			<xmax>556</xmax>
			<ymin>222</ymin>
			<ymax>425</ymax>
		</bndbox>
	</object>
</annotation>
