<annotation>
	<folder></folder>
	<filename>6578ae52-8431-4854-ba24-756888891756___1496414894_2017-maruti-suzuki-ciaz-jpg_jpeg.rf.5575879768f3ab387803d3ce64333c88.jpg</filename>
	<path>6578ae52-8431-4854-ba24-756888891756___1496414894_2017-maruti-suzuki-ciaz-jpg_jpeg.rf.5575879768f3ab387803d3ce64333c88.jpg</path>
	<source>
		<database>roboflow.com</database>
	</source>
	<size>
		<width>640</width>
		<height>640</height>
		<depth>3</depth>
	</size>
	<segmented>0</segmented>
	<object>
		<name>LicensePlate</name>
		<pose>Unspecified</pose>
		<truncated>0</truncated>
		<difficult>0</difficult>
		<occluded>0</occluded>
		<bndbox>
			<xmin>302</xmin>
			<xmax>437</xmax>
			<ymin>241</ymin>
			<ymax>314</ymax>
		</bndbox>
	</object>
</annotation>
