<annotation>
	<folder></folder>
	<filename>6767eddd-bf2f-4270-aa1f-6146738895ab___3e7fd381-0ae5-4421-8a70-279ee0ec1c61_Nissan-Terrano-20300_jpg.rf.1cdb3c0650272df2a15fe7b1301040e4.jpg</filename>
	<path>6767eddd-bf2f-4270-aa1f-6146738895ab___3e7fd381-0ae5-4421-8a70-279ee0ec1c61_Nissan-Terrano-20300_jpg.rf.1cdb3c0650272df2a15fe7b1301040e4.jpg</path>
	<source>
		<database>roboflow.com</database>
	</source>
	<size>
		<width>640</width>
		<height>640</height>
		<depth>3</depth>
	</size>
	<segmented>0</segmented>
	<object>
		<name>LicensePlate</name>
		<pose>Unspecified</pose>
		<truncated>0</truncated>
		<difficult>0</difficult>
		<occluded>0</occluded>
		<bndbox>
			<xmin>377</xmin>
			<xmax>452</xmax>
			<ymin>406</ymin>
			<ymax>468</ymax>
		</bndbox>
	</object>
</annotation>
