<annotation>
	<folder></folder>
	<filename>69b56ab9-accd-4c67-aa7a-a884c018e5ab___speedex-number-plates-nandanam-chennai-car-number-plate-dealers-3zh7n2s-jpg_jpeg.rf.2088fbc0cc389e65deaeadaae935cd8d.jpg</filename>
	<path>69b56ab9-accd-4c67-aa7a-a884c018e5ab___speedex-number-plates-nandanam-chennai-car-number-plate-dealers-3zh7n2s-jpg_jpeg.rf.2088fbc0cc389e65deaeadaae935cd8d.jpg</path>
	<source>
		<database>roboflow.com</database>
	</source>
	<size>
		<width>640</width>
		<height>640</height>
		<depth>3</depth>
	</size>
	<segmented>0</segmented>
	<object>
		<name>LicensePlate</name>
		<pose>Unspecified</pose>
		<truncated>0</truncated>
		<difficult>0</difficult>
		<occluded>0</occluded>
		<bndbox>
			<xmin>228</xmin>
			<xmax>402</xmax>
			<ymin>475</ymin>
			<ymax>508</ymax>
		</bndbox>
	</object>
</annotation>
