<annotation>
	<folder></folder>
	<filename>6bf2730d-82bf-43ac-8802-b61315d85b96___2017-Skoda-Octavia-rear-high-revealed-for-India-images-jpg_jpeg.rf.dbbdf6e7432ee495290a5b20fb546a1a.jpg</filename>
	<path>6bf2730d-82bf-43ac-8802-b61315d85b96___2017-Skoda-Octavia-rear-high-revealed-for-India-images-jpg_jpeg.rf.dbbdf6e7432ee495290a5b20fb546a1a.jpg</path>
	<source>
		<database>roboflow.com</database>
	</source>
	<size>
		<width>640</width>
		<height>640</height>
		<depth>3</depth>
	</size>
	<segmented>0</segmented>
	<object>
		<name>LicensePlate</name>
		<pose>Unspecified</pose>
		<truncated>0</truncated>
		<difficult>0</difficult>
		<occluded>0</occluded>
		<bndbox>
			<xmin>172</xmin>
			<xmax>417</xmax>
			<ymin>402</ymin>
			<ymax>472</ymax>
		</bndbox>
	</object>
</annotation>
