<annotation>
	<folder></folder>
	<filename>6cd15e75-3e26-41f2-a6aa-b1b58dec1c48___volkswagen-polo-exquisite-limited-edition-m1_720x540-jpg_jpeg.rf.9ab49a2551b37e7e3a94fab4f0b03e57.jpg</filename>
	<path>6cd15e75-3e26-41f2-a6aa-b1b58dec1c48___volkswagen-polo-exquisite-limited-edition-m1_720x540-jpg_jpeg.rf.9ab49a2551b37e7e3a94fab4f0b03e57.jpg</path>
	<source>
		<database>roboflow.com</database>
	</source>
	<size>
		<width>640</width>
		<height>640</height>
		<depth>3</depth>
	</size>
	<segmented>0</segmented>
	<object>
		<name>LicensePlate</name>
		<pose>Unspecified</pose>
		<truncated>0</truncated>
		<difficult>0</difficult>
		<occluded>0</occluded>
		<bndbox>
			<xmin>18</xmin>
			<xmax>87</xmax>
			<ymin>414</ymin>
			<ymax>525</ymax>
		</bndbox>
	</object>
</annotation>
