<annotation>
	<folder></folder>
	<filename>6d69b523-72b7-4be9-a79f-428ef8148dcd___81auoS-H8eL-_SX425_-jpg_jpeg.rf.2af348b9b9ff1abcf67ce5c6c7732bba.jpg</filename>
	<path>6d69b523-72b7-4be9-a79f-428ef8148dcd___81auoS-H8eL-_SX425_-jpg_jpeg.rf.2af348b9b9ff1abcf67ce5c6c7732bba.jpg</path>
	<source>
		<database>roboflow.com</database>
	</source>
	<size>
		<width>640</width>
		<height>640</height>
		<depth>3</depth>
	</size>
	<segmented>0</segmented>
	<object>
		<name>LicensePlate</name>
		<pose>Unspecified</pose>
		<truncated>0</truncated>
		<difficult>0</difficult>
		<occluded>0</occluded>
		<bndbox>
			<xmin>120</xmin>
			<xmax>555</xmax>
			<ymin>15</ymin>
			<ymax>613</ymax>
		</bndbox>
	</object>
</annotation>
