<annotation>
	<folder></folder>
	<filename>6e52e238-927b-46e0-a8f1-5f77ef1ecf9f___3e7fd381-0ae5-4421-8a70-279ee0ec1c61_nissan-terrano-rear_jpg.rf.85eeac43b977dced86e81e8fd50acb49.jpg</filename>
	<path>6e52e238-927b-46e0-a8f1-5f77ef1ecf9f___3e7fd381-0ae5-4421-8a70-279ee0ec1c61_nissan-terrano-rear_jpg.rf.85eeac43b977dced86e81e8fd50acb49.jpg</path>
	<source>
		<database>roboflow.com</database>
	</source>
	<size>
		<width>640</width>
		<height>640</height>
		<depth>3</depth>
	</size>
	<segmented>0</segmented>
	<object>
		<name>LicensePlate</name>
		<pose>Unspecified</pose>
		<truncated>0</truncated>
		<difficult>0</difficult>
		<occluded>0</occluded>
		<bndbox>
			<xmin>157</xmin>
			<xmax>273</xmax>
			<ymin>342</ymin>
			<ymax>387</ymax>
		</bndbox>
	</object>
</annotation>
