<annotation>
	<folder></folder>
	<filename>6e772b68-a549-44e5-950e-4c376454c4e9___1557295d1474517501-toyota-innova-crysta-official-review-20160921_173216-jpg_jpeg.rf.b78d078bc59e72895c3b74e1d14eda9f.jpg</filename>
	<path>6e772b68-a549-44e5-950e-4c376454c4e9___1557295d1474517501-toyota-innova-crysta-official-review-20160921_173216-jpg_jpeg.rf.b78d078bc59e72895c3b74e1d14eda9f.jpg</path>
	<source>
		<database>roboflow.com</database>
	</source>
	<size>
		<width>640</width>
		<height>640</height>
		<depth>3</depth>
	</size>
	<segmented>0</segmented>
	<object>
		<name>LicensePlate</name>
		<pose>Unspecified</pose>
		<truncated>0</truncated>
		<difficult>0</difficult>
		<occluded>0</occluded>
		<bndbox>
			<xmin>211</xmin>
			<xmax>469</xmax>
			<ymin>307</ymin>
			<ymax>386</ymax>
		</bndbox>
	</object>
</annotation>
