<annotation>
	<folder></folder>
	<filename>6ec9d264-9eab-4027-bdcc-6f71c842ee75___3e7fd381-0ae5-4421-8a70-279ee0ec1c61_846635891_1_1080x720_nissan-terrano-xl-d-thp-110-ps-2013-diesel-dehra-dun_jpg.rf.f9557955f731e8a3609f11d8ef6f792f.jpg</filename>
	<path>6ec9d264-9eab-4027-bdcc-6f71c842ee75___3e7fd381-0ae5-4421-8a70-279ee0ec1c61_846635891_1_1080x720_nissan-terrano-xl-d-thp-110-ps-2013-diesel-dehra-dun_jpg.rf.f9557955f731e8a3609f11d8ef6f792f.jpg</path>
	<source>
		<database>roboflow.com</database>
	</source>
	<size>
		<width>640</width>
		<height>640</height>
		<depth>3</depth>
	</size>
	<segmented>0</segmented>
	<object>
		<name>LicensePlate</name>
		<pose>Unspecified</pose>
		<truncated>0</truncated>
		<difficult>0</difficult>
		<occluded>0</occluded>
		<bndbox>
			<xmin>168</xmin>
			<xmax>422</xmax>
			<ymin>399</ymin>
			<ymax>445</ymax>
		</bndbox>
	</object>
</annotation>
