<annotation>
	<folder></folder>
	<filename>6ed8b283-5cf5-4727-9969-c79f70f47e80___2-cars-same-numbers-jpg_jpeg.rf.c31022866b4254ea2f0b6013fdb109c4.jpg</filename>
	<path>6ed8b283-5cf5-4727-9969-c79f70f47e80___2-cars-same-numbers-jpg_jpeg.rf.c31022866b4254ea2f0b6013fdb109c4.jpg</path>
	<source>
		<database>roboflow.com</database>
	</source>
	<size>
		<width>640</width>
		<height>640</height>
		<depth>3</depth>
	</size>
	<segmented>0</segmented>
	<object>
		<name>LicensePlate</name>
		<pose>Unspecified</pose>
		<truncated>0</truncated>
		<difficult>0</difficult>
		<occluded>0</occluded>
		<bndbox>
			<xmin>150</xmin>
			<xmax>337</xmax>
			<ymin>338</ymin>
			<ymax>408</ymax>
		</bndbox>
	</object>
</annotation>
