<annotation>
	<folder></folder>
	<filename>6f78077e-a3a1-4fb9-89ba-5870d75ccdb8___Innova_Crysta_Car_Euro_number_Plates-jpg_jpeg.rf.5ef136a1c000aa009dfdc5743d39c0d0.jpg</filename>
	<path>6f78077e-a3a1-4fb9-89ba-5870d75ccdb8___Innova_Crysta_Car_Euro_number_Plates-jpg_jpeg.rf.5ef136a1c000aa009dfdc5743d39c0d0.jpg</path>
	<source>
		<database>roboflow.com</database>
	</source>
	<size>
		<width>640</width>
		<height>640</height>
		<depth>3</depth>
	</size>
	<segmented>0</segmented>
	<object>
		<name>LicensePlate</name>
		<pose>Unspecified</pose>
		<truncated>0</truncated>
		<difficult>0</difficult>
		<occluded>0</occluded>
		<bndbox>
			<xmin>213</xmin>
			<xmax>360</xmax>
			<ymin>210</ymin>
			<ymax>279</ymax>
		</bndbox>
	</object>
</annotation>
