<annotation>
	<folder></folder>
	<filename>7070d6ac-5425-4d33-a78e-a48c62d0fac5___Honda-Jazz-Number-Plate-Designs-jpg_jpeg.rf.bbddc4ea2b7e6360aa2ae6c4b304bbc5.jpg</filename>
	<path>7070d6ac-5425-4d33-a78e-a48c62d0fac5___Honda-Jazz-Number-Plate-Designs-jpg_jpeg.rf.bbddc4ea2b7e6360aa2ae6c4b304bbc5.jpg</path>
	<source>
		<database>roboflow.com</database>
	</source>
	<size>
		<width>640</width>
		<height>640</height>
		<depth>3</depth>
	</size>
	<segmented>0</segmented>
	<object>
		<name>LicensePlate</name>
		<pose>Unspecified</pose>
		<truncated>0</truncated>
		<difficult>0</difficult>
		<occluded>0</occluded>
		<bndbox>
			<xmin>81</xmin>
			<xmax>582</xmax>
			<ymin>190</ymin>
			<ymax>419</ymax>
		</bndbox>
	</object>
</annotation>
