<annotation>
	<folder></folder>
	<filename>712ecd95-753f-4d67-ae42-e8b5254e6e94___28iam53-jpg_jpeg.rf.7559a5ec84719ef961e5b14be6296f16.jpg</filename>
	<path>712ecd95-753f-4d67-ae42-e8b5254e6e94___28iam53-jpg_jpeg.rf.7559a5ec84719ef961e5b14be6296f16.jpg</path>
	<source>
		<database>roboflow.com</database>
	</source>
	<size>
		<width>640</width>
		<height>640</height>
		<depth>3</depth>
	</size>
	<segmented>0</segmented>
	<object>
		<name>LicensePlate</name>
		<pose>Unspecified</pose>
		<truncated>0</truncated>
		<difficult>0</difficult>
		<occluded>0</occluded>
		<bndbox>
			<xmin>68</xmin>
			<xmax>357</xmax>
			<ymin>250</ymin>
			<ymax>356</ymax>
		</bndbox>
	</object>
</annotation>
