<annotation>
	<folder></folder>
	<filename>730a2f83-cd53-4943-8922-af9d4fcad415___new_2_jpg.rf.a3b647a1679f9db87e8df61d6bde2bba.jpg</filename>
	<path>730a2f83-cd53-4943-8922-af9d4fcad415___new_2_jpg.rf.a3b647a1679f9db87e8df61d6bde2bba.jpg</path>
	<source>
		<database>roboflow.com</database>
	</source>
	<size>
		<width>640</width>
		<height>640</height>
		<depth>3</depth>
	</size>
	<segmented>0</segmented>
	<object>
		<name>LicensePlate</name>
		<pose>Unspecified</pose>
		<truncated>0</truncated>
		<difficult>0</difficult>
		<occluded>0</occluded>
		<bndbox>
			<xmin>181</xmin>
			<xmax>464</xmax>
			<ymin>180</ymin>
			<ymax>506</ymax>
		</bndbox>
	</object>
</annotation>
