<annotation>
	<folder></folder>
	<filename>760ba77a-8992-4574-8cba-6c081d9e3e19___3e7fd381-0ae5-4421-8a70-279ee0ec1c61_04f4c639c871fba0b4cc6475604e40b7_large_jpg.rf.17bda8759caf16327307422a51c42465.jpg</filename>
	<path>760ba77a-8992-4574-8cba-6c081d9e3e19___3e7fd381-0ae5-4421-8a70-279ee0ec1c61_04f4c639c871fba0b4cc6475604e40b7_large_jpg.rf.17bda8759caf16327307422a51c42465.jpg</path>
	<source>
		<database>roboflow.com</database>
	</source>
	<size>
		<width>640</width>
		<height>640</height>
		<depth>3</depth>
	</size>
	<segmented>0</segmented>
	<object>
		<name>LicensePlate</name>
		<pose>Unspecified</pose>
		<truncated>0</truncated>
		<difficult>0</difficult>
		<occluded>0</occluded>
		<bndbox>
			<xmin>210</xmin>
			<xmax>428</xmax>
			<ymin>436</ymin>
			<ymax>474</ymax>
		</bndbox>
	</object>
</annotation>
