<annotation>
	<folder></folder>
	<filename>7616cb19-df24-4d29-b679-5252391a547f___Skoda-Laura-rear-jpg_jpeg.rf.f945c121a478bc48ab356f02e20cbff2.jpg</filename>
	<path>7616cb19-df24-4d29-b679-5252391a547f___Skoda-Laura-rear-jpg_jpeg.rf.f945c121a478bc48ab356f02e20cbff2.jpg</path>
	<source>
		<database>roboflow.com</database>
	</source>
	<size>
		<width>640</width>
		<height>640</height>
		<depth>3</depth>
	</size>
	<segmented>0</segmented>
	<object>
		<name>LicensePlate</name>
		<pose>Unspecified</pose>
		<truncated>0</truncated>
		<difficult>0</difficult>
		<occluded>0</occluded>
		<bndbox>
			<xmin>253</xmin>
			<xmax>383</xmax>
			<ymin>312</ymin>
			<ymax>355</ymax>
		</bndbox>
	</object>
</annotation>
