<annotation>
	<folder></folder>
	<filename>77d1f81a-bee6-487c-aff2-0efa31a9925c____bd7f7862-d727-11e7-ad30-e18a56154311-jpg_jpeg.rf.2a668ce47db74231901ce297956fa3be.jpg</filename>
	<path>77d1f81a-bee6-487c-aff2-0efa31a9925c____bd7f7862-d727-11e7-ad30-e18a56154311-jpg_jpeg.rf.2a668ce47db74231901ce297956fa3be.jpg</path>
	<source>
		<database>roboflow.com</database>
	</source>
	<size>
		<width>640</width>
		<height>640</height>
		<depth>3</depth>
	</size>
	<segmented>0</segmented>
	<object>
		<name>LicensePlate</name>
		<pose>Unspecified</pose>
		<truncated>0</truncated>
		<difficult>0</difficult>
		<occluded>0</occluded>
		<bndbox>
			<xmin>463</xmin>
			<xmax>556</xmax>
			<ymin>384</ymin>
			<ymax>432</ymax>
		</bndbox>
	</object>
</annotation>
