<annotation>
	<folder></folder>
	<filename>7c8229d7-7e37-41a6-9262-d5da278c8d8e___139379d1243147524-ok-have-dealers-name-number-plate-1-jpg_jpeg.rf.85d0cd98a62a02543afc30b784de6f9c.jpg</filename>
	<path>7c8229d7-7e37-41a6-9262-d5da278c8d8e___139379d1243147524-ok-have-dealers-name-number-plate-1-jpg_jpeg.rf.85d0cd98a62a02543afc30b784de6f9c.jpg</path>
	<source>
		<database>roboflow.com</database>
	</source>
	<size>
		<width>640</width>
		<height>640</height>
		<depth>3</depth>
	</size>
	<segmented>0</segmented>
	<object>
		<name>LicensePlate</name>
		<pose>Unspecified</pose>
		<truncated>0</truncated>
		<difficult>0</difficult>
		<occluded>0</occluded>
		<bndbox>
			<xmin>181</xmin>
			<xmax>508</xmax>
			<ymin>241</ymin>
			<ymax>418</ymax>
		</bndbox>
	</object>
</annotation>
