<annotation>
	<folder></folder>
	<filename>7f369852-27b9-4141-8c48-9e88b20743a6___new_Mahindra-Scorpio-Taillamps-Night-JPG_jpeg.rf.a44a2caa5e46c383cf463f76038459c4.jpg</filename>
	<path>7f369852-27b9-4141-8c48-9e88b20743a6___new_Mahindra-Scorpio-Taillamps-Night-JPG_jpeg.rf.a44a2caa5e46c383cf463f76038459c4.jpg</path>
	<source>
		<database>roboflow.com</database>
	</source>
	<size>
		<width>640</width>
		<height>640</height>
		<depth>3</depth>
	</size>
	<segmented>0</segmented>
	<object>
		<name>LicensePlate</name>
		<pose>Unspecified</pose>
		<truncated>0</truncated>
		<difficult>0</difficult>
		<occluded>0</occluded>
		<bndbox>
			<xmin>189</xmin>
			<xmax>486</xmax>
			<ymin>348</ymin>
			<ymax>439</ymax>
		</bndbox>
	</object>
</annotation>
