<annotation>
	<folder></folder>
	<filename>7f768bfc-4c86-4fff-932d-c9871a82dce5___1431955d1446017445-number-plates-merchandise-canvas-ink-gurgaon-edit-closed-thumb_img_4422_1024-jpg_jpeg.rf.8410d180210ea8eed5bb2fc830ecf824.jpg</filename>
	<path>7f768bfc-4c86-4fff-932d-c9871a82dce5___1431955d1446017445-number-plates-merchandise-canvas-ink-gurgaon-edit-closed-thumb_img_4422_1024-jpg_jpeg.rf.8410d180210ea8eed5bb2fc830ecf824.jpg</path>
	<source>
		<database>roboflow.com</database>
	</source>
	<size>
		<width>640</width>
		<height>640</height>
		<depth>3</depth>
	</size>
	<segmented>0</segmented>
	<object>
		<name>LicensePlate</name>
		<pose>Unspecified</pose>
		<truncated>0</truncated>
		<difficult>0</difficult>
		<occluded>0</occluded>
		<bndbox>
			<xmin>212</xmin>
			<xmax>393</xmax>
			<ymin>323</ymin>
			<ymax>357</ymax>
		</bndbox>
	</object>
</annotation>
