<annotation>
	<folder></folder>
	<filename>84969111-2ec3-4914-b3bb-da5aaac701e7___1-jpg_jpeg.rf.e735b2d50d17a388ed21d58227be53cf.jpg</filename>
	<path>84969111-2ec3-4914-b3bb-da5aaac701e7___1-jpg_jpeg.rf.e735b2d50d17a388ed21d58227be53cf.jpg</path>
	<source>
		<database>roboflow.com</database>
	</source>
	<size>
		<width>640</width>
		<height>640</height>
		<depth>3</depth>
	</size>
	<segmented>0</segmented>
	<object>
		<name>LicensePlate</name>
		<pose>Unspecified</pose>
		<truncated>0</truncated>
		<difficult>0</difficult>
		<occluded>0</occluded>
		<bndbox>
			<xmin>60</xmin>
			<xmax>135</xmax>
			<ymin>466</ymin>
			<ymax>509</ymax>
		</bndbox>
	</object>
</annotation>
