<annotation>
	<folder></folder>
	<filename>85bd88a0-ac9a-412e-ba44-2a29d209e212___4336_1466054535_9-jpg_jpeg.rf.b7faae328e4d277dcbbb5f1efc8a3599.jpg</filename>
	<path>85bd88a0-ac9a-412e-ba44-2a29d209e212___4336_1466054535_9-jpg_jpeg.rf.b7faae328e4d277dcbbb5f1efc8a3599.jpg</path>
	<source>
		<database>roboflow.com</database>
	</source>
	<size>
		<width>640</width>
		<height>640</height>
		<depth>3</depth>
	</size>
	<segmented>0</segmented>
	<object>
		<name>LicensePlate</name>
		<pose>Unspecified</pose>
		<truncated>0</truncated>
		<difficult>0</difficult>
		<occluded>0</occluded>
		<bndbox>
			<xmin>163</xmin>
			<xmax>281</xmax>
			<ymin>278</ymin>
			<ymax>335</ymax>
		</bndbox>
	</object>
</annotation>
