<annotation>
	<folder></folder>
	<filename>868b996f-1f40-47ca-8222-b0f2750d7010___3e7fd381-0ae5-4421-8a70-279ee0ec1c61_nissan-terrano-left-side-view_jpg.rf.0d67f691028e14b5de7571618bf46b62.jpg</filename>
	<path>868b996f-1f40-47ca-8222-b0f2750d7010___3e7fd381-0ae5-4421-8a70-279ee0ec1c61_nissan-terrano-left-side-view_jpg.rf.0d67f691028e14b5de7571618bf46b62.jpg</path>
	<source>
		<database>roboflow.com</database>
	</source>
	<size>
		<width>640</width>
		<height>640</height>
		<depth>3</depth>
	</size>
	<segmented>0</segmented>
	<object>
		<name>LicensePlate</name>
		<pose>Unspecified</pose>
		<truncated>0</truncated>
		<difficult>0</difficult>
		<occluded>0</occluded>
		<bndbox>
			<xmin>153</xmin>
			<xmax>241</xmax>
			<ymin>315</ymin>
			<ymax>359</ymax>
		</bndbox>
	</object>
</annotation>
