<annotation>
	<folder></folder>
	<filename>89d26be7-258a-4470-b0fe-d1df57b20d55___new_Skoda-Octavia-5-jpg_jpeg.rf.ce61ab2c297ed9cc72b349140b514c14.jpg</filename>
	<path>89d26be7-258a-4470-b0fe-d1df57b20d55___new_Skoda-Octavia-5-jpg_jpeg.rf.ce61ab2c297ed9cc72b349140b514c14.jpg</path>
	<source>
		<database>roboflow.com</database>
	</source>
	<size>
		<width>640</width>
		<height>640</height>
		<depth>3</depth>
	</size>
	<segmented>0</segmented>
	<object>
		<name>LicensePlate</name>
		<pose>Unspecified</pose>
		<truncated>0</truncated>
		<difficult>0</difficult>
		<occluded>0</occluded>
		<bndbox>
			<xmin>202</xmin>
			<xmax>272</xmax>
			<ymin>403</ymin>
			<ymax>444</ymax>
		</bndbox>
	</object>
</annotation>
