<annotation>
	<folder></folder>
	<filename>8b9e7112-9149-48fb-b8e8-c3e89cce5af0___1074650_10201043987997310_227646612_o-jpg_jpeg.rf.e07fd12bde039a3663a28fe51ec96ec9.jpg</filename>
	<path>8b9e7112-9149-48fb-b8e8-c3e89cce5af0___1074650_10201043987997310_227646612_o-jpg_jpeg.rf.e07fd12bde039a3663a28fe51ec96ec9.jpg</path>
	<source>
		<database>roboflow.com</database>
	</source>
	<size>
		<width>640</width>
		<height>640</height>
		<depth>3</depth>
	</size>
	<segmented>0</segmented>
	<object>
		<name>LicensePlate</name>
		<pose>Unspecified</pose>
		<truncated>0</truncated>
		<difficult>0</difficult>
		<occluded>0</occluded>
		<bndbox>
			<xmin>268</xmin>
			<xmax>501</xmax>
			<ymin>354</ymin>
			<ymax>433</ymax>
		</bndbox>
	</object>
</annotation>
