<annotation>
	<folder></folder>
	<filename>8c4371ee-a997-4b21-82c4-cb5e767c4d06___kia-sorento-spied-in-India-jpg_jpeg.rf.440cc80427325a73e33cf2a3a895ac31.jpg</filename>
	<path>8c4371ee-a997-4b21-82c4-cb5e767c4d06___kia-sorento-spied-in-India-jpg_jpeg.rf.440cc80427325a73e33cf2a3a895ac31.jpg</path>
	<source>
		<database>roboflow.com</database>
	</source>
	<size>
		<width>640</width>
		<height>640</height>
		<depth>3</depth>
	</size>
	<segmented>0</segmented>
	<object>
		<name>LicensePlate</name>
		<pose>Unspecified</pose>
		<truncated>0</truncated>
		<difficult>0</difficult>
		<occluded>0</occluded>
		<bndbox>
			<xmin>224</xmin>
			<xmax>348</xmax>
			<ymin>278</ymin>
			<ymax>318</ymax>
		</bndbox>
	</object>
</annotation>
