<annotation>
	<folder></folder>
	<filename>8da5183c-275f-4294-a5a8-276e10ac5ad0___3e7fd381-0ae5-4421-8a70-279ee0ec1c61_nissan-terrano-amt_827x510_81478504265_jpg.rf.a46be72f9ec3c4f7432d703591f0efa5.jpg</filename>
	<path>8da5183c-275f-4294-a5a8-276e10ac5ad0___3e7fd381-0ae5-4421-8a70-279ee0ec1c61_nissan-terrano-amt_827x510_81478504265_jpg.rf.a46be72f9ec3c4f7432d703591f0efa5.jpg</path>
	<source>
		<database>roboflow.com</database>
	</source>
	<size>
		<width>640</width>
		<height>640</height>
		<depth>3</depth>
	</size>
	<segmented>0</segmented>
	<object>
		<name>LicensePlate</name>
		<pose>Unspecified</pose>
		<truncated>0</truncated>
		<difficult>0</difficult>
		<occluded>0</occluded>
		<bndbox>
			<xmin>273</xmin>
			<xmax>427</xmax>
			<ymin>366</ymin>
			<ymax>561</ymax>
		</bndbox>
	</object>
</annotation>
