<annotation>
	<folder></folder>
	<filename>8dbb3ea7-8512-49e4-9ede-d4647e3b7dd2___158712081_5_1000x700_toyota-innova-v-2010-7seat-life-tax-kerala_rev001-jpg_jpeg.rf.c143a888bffcb8b03e5522c4482f012f.jpg</filename>
	<path>8dbb3ea7-8512-49e4-9ede-d4647e3b7dd2___158712081_5_1000x700_toyota-innova-v-2010-7seat-life-tax-kerala_rev001-jpg_jpeg.rf.c143a888bffcb8b03e5522c4482f012f.jpg</path>
	<source>
		<database>roboflow.com</database>
	</source>
	<size>
		<width>640</width>
		<height>640</height>
		<depth>3</depth>
	</size>
	<segmented>0</segmented>
	<object>
		<name>LicensePlate</name>
		<pose>Unspecified</pose>
		<truncated>0</truncated>
		<difficult>0</difficult>
		<occluded>0</occluded>
		<bndbox>
			<xmin>297</xmin>
			<xmax>358</xmax>
			<ymin>329</ymin>
			<ymax>393</ymax>
		</bndbox>
	</object>
</annotation>
