<annotation>
	<folder></folder>
	<filename>8e0b8c6f-850f-4918-983a-7fa110368d32___banner_4_png.rf.83b42fccf3884a1b516e0e6f2b0bb309.jpg</filename>
	<path>8e0b8c6f-850f-4918-983a-7fa110368d32___banner_4_png.rf.83b42fccf3884a1b516e0e6f2b0bb309.jpg</path>
	<source>
		<database>roboflow.com</database>
	</source>
	<size>
		<width>640</width>
		<height>640</height>
		<depth>3</depth>
	</size>
	<segmented>0</segmented>
	<object>
		<name>LicensePlate</name>
		<pose>Unspecified</pose>
		<truncated>0</truncated>
		<difficult>0</difficult>
		<occluded>0</occluded>
		<bndbox>
			<xmin>234</xmin>
			<xmax>412</xmax>
			<ymin>369</ymin>
			<ymax>460</ymax>
		</bndbox>
	</object>
</annotation>
