<annotation>
	<folder></folder>
	<filename>931dfd5a-3d1f-4a08-9234-0453545e27ea___1297127d1412798792-maruti-ciaz-official-review-imag0627-jpg_jpeg.rf.40940cf91ddf18959d1998949573b4b5.jpg</filename>
	<path>931dfd5a-3d1f-4a08-9234-0453545e27ea___1297127d1412798792-maruti-ciaz-official-review-imag0627-jpg_jpeg.rf.40940cf91ddf18959d1998949573b4b5.jpg</path>
	<source>
		<database>roboflow.com</database>
	</source>
	<size>
		<width>640</width>
		<height>640</height>
		<depth>3</depth>
	</size>
	<segmented>0</segmented>
	<object>
		<name>LicensePlate</name>
		<pose>Unspecified</pose>
		<truncated>0</truncated>
		<difficult>0</difficult>
		<occluded>0</occluded>
		<bndbox>
			<xmin>198</xmin>
			<xmax>453</xmax>
			<ymin>281</ymin>
			<ymax>429</ymax>
		</bndbox>
	</object>
</annotation>
