<annotation>
	<folder></folder>
	<filename>93b6319a-5886-48d8-8a69-07d586751553___2014-VW-Polo-facelift-first-drive-rear-number-plate-jpg_jpeg.rf.43960dcc203526df8f323f247ff152c0.jpg</filename>
	<path>93b6319a-5886-48d8-8a69-07d586751553___2014-VW-Polo-facelift-first-drive-rear-number-plate-jpg_jpeg.rf.43960dcc203526df8f323f247ff152c0.jpg</path>
	<source>
		<database>roboflow.com</database>
	</source>
	<size>
		<width>640</width>
		<height>640</height>
		<depth>3</depth>
	</size>
	<segmented>0</segmented>
	<object>
		<name>LicensePlate</name>
		<pose>Unspecified</pose>
		<truncated>0</truncated>
		<difficult>0</difficult>
		<occluded>0</occluded>
		<bndbox>
			<xmin>182</xmin>
			<xmax>523</xmax>
			<ymin>220</ymin>
			<ymax>420</ymax>
		</bndbox>
	</object>
</annotation>
