<annotation>
	<folder></folder>
	<filename>93b6ca4e-17cc-4b12-b7f5-66fb37c6107c___number-plate-factory-fitted1-jpg_jpeg.rf.f82e3c23c298c68d9886dd4e1c75d845.jpg</filename>
	<path>93b6ca4e-17cc-4b12-b7f5-66fb37c6107c___number-plate-factory-fitted1-jpg_jpeg.rf.f82e3c23c298c68d9886dd4e1c75d845.jpg</path>
	<source>
		<database>roboflow.com</database>
	</source>
	<size>
		<width>640</width>
		<height>640</height>
		<depth>3</depth>
	</size>
	<segmented>0</segmented>
	<object>
		<name>LicensePlate</name>
		<pose>Unspecified</pose>
		<truncated>0</truncated>
		<difficult>0</difficult>
		<occluded>0</occluded>
		<bndbox>
			<xmin>217</xmin>
			<xmax>427</xmax>
			<ymin>274</ymin>
			<ymax>369</ymax>
		</bndbox>
	</object>
</annotation>
