<annotation>
	<folder></folder>
	<filename>967ba4a0-eb8e-4734-aa09-c7143d0404b6___39720161008_150234-jpg_jpeg.rf.cf6d4f799ba9fa5e02c4a356bfd71f30.jpg</filename>
	<path>967ba4a0-eb8e-4734-aa09-c7143d0404b6___39720161008_150234-jpg_jpeg.rf.cf6d4f799ba9fa5e02c4a356bfd71f30.jpg</path>
	<source>
		<database>roboflow.com</database>
	</source>
	<size>
		<width>640</width>
		<height>640</height>
		<depth>3</depth>
	</size>
	<segmented>0</segmented>
	<object>
		<name>LicensePlate</name>
		<pose>Unspecified</pose>
		<truncated>0</truncated>
		<difficult>0</difficult>
		<occluded>0</occluded>
		<bndbox>
			<xmin>215</xmin>
			<xmax>424</xmax>
			<ymin>337</ymin>
			<ymax>405</ymax>
		</bndbox>
	</object>
</annotation>
