<annotation>
	<folder></folder>
	<filename>9cad4b47-6c7b-4e30-ab55-b7fa040beb56___135717d1400912281-skoda-rapid-1-6tdi-cr-mt-elegance-ultima-candy-white-white-monster-_mg_2993comp-jpg_jpeg.rf.ff963877b526505f19151aae22d90b76.jpg</filename>
	<path>9cad4b47-6c7b-4e30-ab55-b7fa040beb56___135717d1400912281-skoda-rapid-1-6tdi-cr-mt-elegance-ultima-candy-white-white-monster-_mg_2993comp-jpg_jpeg.rf.ff963877b526505f19151aae22d90b76.jpg</path>
	<source>
		<database>roboflow.com</database>
	</source>
	<size>
		<width>640</width>
		<height>640</height>
		<depth>3</depth>
	</size>
	<segmented>0</segmented>
	<object>
		<name>LicensePlate</name>
		<pose>Unspecified</pose>
		<truncated>0</truncated>
		<difficult>0</difficult>
		<occluded>0</occluded>
		<bndbox>
			<xmin>90</xmin>
			<xmax>239</xmax>
			<ymin>403</ymin>
			<ymax>454</ymax>
		</bndbox>
	</object>
</annotation>
