<annotation>
	<folder></folder>
	<filename>9ea92991-8fdf-4b46-aea1-bf08ecff247c___new_1107433d1373284570-my-modded-skoda-rapid-now-166-bhp-351-nm-119-whp-per-tonne-hdr_00005_normal-jpg_jpeg.rf.2831bff1f321f83d51f009ce7658003a.jpg</filename>
	<path>9ea92991-8fdf-4b46-aea1-bf08ecff247c___new_1107433d1373284570-my-modded-skoda-rapid-now-166-bhp-351-nm-119-whp-per-tonne-hdr_00005_normal-jpg_jpeg.rf.2831bff1f321f83d51f009ce7658003a.jpg</path>
	<source>
		<database>roboflow.com</database>
	</source>
	<size>
		<width>640</width>
		<height>640</height>
		<depth>3</depth>
	</size>
	<segmented>0</segmented>
	<object>
		<name>LicensePlate</name>
		<pose>Unspecified</pose>
		<truncated>0</truncated>
		<difficult>0</difficult>
		<occluded>0</occluded>
		<bndbox>
			<xmin>83</xmin>
			<xmax>313</xmax>
			<ymin>414</ymin>
			<ymax>495</ymax>
		</bndbox>
	</object>
</annotation>
