<annotation>
	<folder></folder>
	<filename>9f7c7dce-f9c9-4c95-a053-8f16e6e99466___new_new-maruti-alto-k10-2_625x300_41414071192-jpg_jpeg.rf.6275e3f0797a77557c4fc4a1d55451bc.jpg</filename>
	<path>9f7c7dce-f9c9-4c95-a053-8f16e6e99466___new_new-maruti-alto-k10-2_625x300_41414071192-jpg_jpeg.rf.6275e3f0797a77557c4fc4a1d55451bc.jpg</path>
	<source>
		<database>roboflow.com</database>
	</source>
	<size>
		<width>640</width>
		<height>640</height>
		<depth>3</depth>
	</size>
	<segmented>0</segmented>
	<object>
		<name>LicensePlate</name>
		<pose>Unspecified</pose>
		<truncated>0</truncated>
		<difficult>0</difficult>
		<occluded>0</occluded>
		<bndbox>
			<xmin>215</xmin>
			<xmax>475</xmax>
			<ymin>420</ymin>
			<ymax>520</ymax>
		</bndbox>
	</object>
</annotation>
