<annotation>
	<folder></folder>
	<filename>a1928183-9ebe-40f0-9a84-500aecc61474___2014-Skoda-Superb-facelift-spied-in-India-jpg_jpeg.rf.07d90f88de24658996581c1f8d3880a0.jpg</filename>
	<path>a1928183-9ebe-40f0-9a84-500aecc61474___2014-Skoda-Superb-facelift-spied-in-India-jpg_jpeg.rf.07d90f88de24658996581c1f8d3880a0.jpg</path>
	<source>
		<database>roboflow.com</database>
	</source>
	<size>
		<width>640</width>
		<height>640</height>
		<depth>3</depth>
	</size>
	<segmented>0</segmented>
	<object>
		<name>LicensePlate</name>
		<pose>Unspecified</pose>
		<truncated>0</truncated>
		<difficult>0</difficult>
		<occluded>0</occluded>
		<bndbox>
			<xmin>451</xmin>
			<xmax>557</xmax>
			<ymin>285</ymin>
			<ymax>361</ymax>
		</bndbox>
	</object>
</annotation>
