<annotation>
	<folder></folder>
	<filename>a285cdf6-4640-41ee-b3f3-b721f334466f___Skoda-Octavia-RS-launched-in-India-3-jpg_jpeg.rf.6b560065ba834ab8488a6dcabf7509d1.jpg</filename>
	<path>a285cdf6-4640-41ee-b3f3-b721f334466f___Skoda-Octavia-RS-launched-in-India-3-jpg_jpeg.rf.6b560065ba834ab8488a6dcabf7509d1.jpg</path>
	<source>
		<database>roboflow.com</database>
	</source>
	<size>
		<width>640</width>
		<height>640</height>
		<depth>3</depth>
	</size>
	<segmented>0</segmented>
	<object>
		<name>LicensePlate</name>
		<pose>Unspecified</pose>
		<truncated>0</truncated>
		<difficult>0</difficult>
		<occluded>0</occluded>
		<bndbox>
			<xmin>225</xmin>
			<xmax>445</xmax>
			<ymin>474</ymin>
			<ymax>541</ymax>
		</bndbox>
	</object>
</annotation>
