<annotation>
	<folder></folder>
	<filename>a2d49f53-4121-4627-b5d9-069f8b2f8490___840256171_1_1080x720_maruti-suzuki-wagon-r-vxi-with-abs-minor-2014-petrol-erode-jpg_jpeg.rf.e1901a3b09f3bd88dd0fd2ec4e50e9bf.jpg</filename>
	<path>a2d49f53-4121-4627-b5d9-069f8b2f8490___840256171_1_1080x720_maruti-suzuki-wagon-r-vxi-with-abs-minor-2014-petrol-erode-jpg_jpeg.rf.e1901a3b09f3bd88dd0fd2ec4e50e9bf.jpg</path>
	<source>
		<database>roboflow.com</database>
	</source>
	<size>
		<width>640</width>
		<height>640</height>
		<depth>3</depth>
	</size>
	<segmented>0</segmented>
	<object>
		<name>LicensePlate</name>
		<pose>Unspecified</pose>
		<truncated>0</truncated>
		<difficult>0</difficult>
		<occluded>0</occluded>
		<bndbox>
			<xmin>187</xmin>
			<xmax>415</xmax>
			<ymin>365</ymin>
			<ymax>418</ymax>
		</bndbox>
	</object>
</annotation>
