<annotation>
	<folder></folder>
	<filename>a2f87691-b9f5-4274-ac5a-8764e9ba282c___1571669d1477648169-your-favourite-number-plate-font-13-jpg_jpeg.rf.11d35b5fbc27acc8dcd00986c8bf22fb.jpg</filename>
	<path>a2f87691-b9f5-4274-ac5a-8764e9ba282c___1571669d1477648169-your-favourite-number-plate-font-13-jpg_jpeg.rf.11d35b5fbc27acc8dcd00986c8bf22fb.jpg</path>
	<source>
		<database>roboflow.com</database>
	</source>
	<size>
		<width>640</width>
		<height>640</height>
		<depth>3</depth>
	</size>
	<segmented>0</segmented>
	<object>
		<name>LicensePlate</name>
		<pose>Unspecified</pose>
		<truncated>0</truncated>
		<difficult>0</difficult>
		<occluded>0</occluded>
		<bndbox>
			<xmin>103</xmin>
			<xmax>592</xmax>
			<ymin>163</ymin>
			<ymax>547</ymax>
		</bndbox>
	</object>
</annotation>
