<annotation>
	<folder></folder>
	<filename>a34aeb21-ffe8-4357-80d3-8f212c62c816___new_main_cropped-jpg_jpeg.rf.2a627cfc7a12a1a346aeebb3abc7def9.jpg</filename>
	<path>a34aeb21-ffe8-4357-80d3-8f212c62c816___new_main_cropped-jpg_jpeg.rf.2a627cfc7a12a1a346aeebb3abc7def9.jpg</path>
	<source>
		<database>roboflow.com</database>
	</source>
	<size>
		<width>640</width>
		<height>640</height>
		<depth>3</depth>
	</size>
	<segmented>0</segmented>
	<object>
		<name>LicensePlate</name>
		<pose>Unspecified</pose>
		<truncated>0</truncated>
		<difficult>0</difficult>
		<occluded>0</occluded>
		<bndbox>
			<xmin>258</xmin>
			<xmax>444</xmax>
			<ymin>241</ymin>
			<ymax>311</ymax>
		</bndbox>
	</object>
</annotation>
