<annotation>
	<folder></folder>
	<filename>a9268f51-fbb4-42c2-b88c-f5ef9f8ead42___2266_7T4G0510-JPG_jpeg.rf.5b5f2321e85384d458c770d20741e35b.jpg</filename>
	<path>a9268f51-fbb4-42c2-b88c-f5ef9f8ead42___2266_7T4G0510-JPG_jpeg.rf.5b5f2321e85384d458c770d20741e35b.jpg</path>
	<source>
		<database>roboflow.com</database>
	</source>
	<size>
		<width>640</width>
		<height>640</height>
		<depth>3</depth>
	</size>
	<segmented>0</segmented>
	<object>
		<name>LicensePlate</name>
		<pose>Unspecified</pose>
		<truncated>0</truncated>
		<difficult>0</difficult>
		<occluded>0</occluded>
		<bndbox>
			<xmin>192</xmin>
			<xmax>440</xmax>
			<ymin>386</ymin>
			<ymax>466</ymax>
		</bndbox>
	</object>
</annotation>
