<annotation>
	<folder></folder>
	<filename>a95a0d9d-5d40-4abb-bd3e-6c6d94bef5b1___IMG_3310-jpg_jpeg.rf.b91583ff1f44cd94e9f85191f46fa728.jpg</filename>
	<path>a95a0d9d-5d40-4abb-bd3e-6c6d94bef5b1___IMG_3310-jpg_jpeg.rf.b91583ff1f44cd94e9f85191f46fa728.jpg</path>
	<source>
		<database>roboflow.com</database>
	</source>
	<size>
		<width>640</width>
		<height>640</height>
		<depth>3</depth>
	</size>
	<segmented>0</segmented>
	<object>
		<name>LicensePlate</name>
		<pose>Unspecified</pose>
		<truncated>0</truncated>
		<difficult>0</difficult>
		<occluded>0</occluded>
		<bndbox>
			<xmin>220</xmin>
			<xmax>486</xmax>
			<ymin>283</ymin>
			<ymax>387</ymax>
		</bndbox>
	</object>
</annotation>
