<annotation>
	<folder></folder>
	<filename>a970d6e0-5948-4412-a1ec-67c5240722a8___images-gallery-misc4-250x250-jpg_jpeg.rf.f59d0bf1031092acab083b5c8fbdb568.jpg</filename>
	<path>a970d6e0-5948-4412-a1ec-67c5240722a8___images-gallery-misc4-250x250-jpg_jpeg.rf.f59d0bf1031092acab083b5c8fbdb568.jpg</path>
	<source>
		<database>roboflow.com</database>
	</source>
	<size>
		<width>640</width>
		<height>640</height>
		<depth>3</depth>
	</size>
	<segmented>0</segmented>
	<object>
		<name>LicensePlate</name>
		<pose>Unspecified</pose>
		<truncated>0</truncated>
		<difficult>0</difficult>
		<occluded>0</occluded>
		<bndbox>
			<xmin>34</xmin>
			<xmax>503</xmax>
			<ymin>105</ymin>
			<ymax>495</ymax>
		</bndbox>
	</object>
</annotation>
