<annotation>
	<folder></folder>
	<filename>aea95aa0-a000-4103-945d-c173383bd646___3e7fd381-0ae5-4421-8a70-279ee0ec1c61_Nissan-Terrano-11_jpg.rf.af606349afa1baac85868c9c137361e1.jpg</filename>
	<path>aea95aa0-a000-4103-945d-c173383bd646___3e7fd381-0ae5-4421-8a70-279ee0ec1c61_Nissan-Terrano-11_jpg.rf.af606349afa1baac85868c9c137361e1.jpg</path>
	<source>
		<database>roboflow.com</database>
	</source>
	<size>
		<width>640</width>
		<height>640</height>
		<depth>3</depth>
	</size>
	<segmented>0</segmented>
	<object>
		<name>LicensePlate</name>
		<pose>Unspecified</pose>
		<truncated>0</truncated>
		<difficult>0</difficult>
		<occluded>0</occluded>
		<bndbox>
			<xmin>387</xmin>
			<xmax>553</xmax>
			<ymin>208</ymin>
			<ymax>352</ymax>
		</bndbox>
	</object>
</annotation>
