<annotation>
	<folder></folder>
	<filename>af270103-6ed4-4260-9d01-b8be2e2b9af1___skoda-rapid-1-5-tdi-dsg-review-jpg_jpeg.rf.f96f221f863f073599e276b346bcbe00.jpg</filename>
	<path>af270103-6ed4-4260-9d01-b8be2e2b9af1___skoda-rapid-1-5-tdi-dsg-review-jpg_jpeg.rf.f96f221f863f073599e276b346bcbe00.jpg</path>
	<source>
		<database>roboflow.com</database>
	</source>
	<size>
		<width>640</width>
		<height>640</height>
		<depth>3</depth>
	</size>
	<segmented>0</segmented>
	<object>
		<name>LicensePlate</name>
		<pose>Unspecified</pose>
		<truncated>0</truncated>
		<difficult>0</difficult>
		<occluded>0</occluded>
		<bndbox>
			<xmin>136</xmin>
			<xmax>319</xmax>
			<ymin>363</ymin>
			<ymax>467</ymax>
		</bndbox>
	</object>
</annotation>
