<annotation>
	<folder></folder>
	<filename>af608b5e-07d6-4bcf-84d0-f0cba9e54e12___Skoda-Superb-Rear-Profile-jpg_jpeg.rf.93bfaa1e3c293083f203e1e384130c03.jpg</filename>
	<path>af608b5e-07d6-4bcf-84d0-f0cba9e54e12___Skoda-Superb-Rear-Profile-jpg_jpeg.rf.93bfaa1e3c293083f203e1e384130c03.jpg</path>
	<source>
		<database>roboflow.com</database>
	</source>
	<size>
		<width>640</width>
		<height>640</height>
		<depth>3</depth>
	</size>
	<segmented>0</segmented>
	<object>
		<name>LicensePlate</name>
		<pose>Unspecified</pose>
		<truncated>0</truncated>
		<difficult>0</difficult>
		<occluded>0</occluded>
		<bndbox>
			<xmin>254</xmin>
			<xmax>372</xmax>
			<ymin>299</ymin>
			<ymax>340</ymax>
		</bndbox>
	</object>
</annotation>
