<annotation>
	<folder></folder>
	<filename>aff1f53b-3259-44f0-9718-05fb64dc8ba1___Untitled_png.rf.59aaacb34031bed81e2f2edcb0f53998.jpg</filename>
	<path>aff1f53b-3259-44f0-9718-05fb64dc8ba1___Untitled_png.rf.59aaacb34031bed81e2f2edcb0f53998.jpg</path>
	<source>
		<database>roboflow.com</database>
	</source>
	<size>
		<width>640</width>
		<height>640</height>
		<depth>3</depth>
	</size>
	<segmented>0</segmented>
	<object>
		<name>LicensePlate</name>
		<pose>Unspecified</pose>
		<truncated>0</truncated>
		<difficult>0</difficult>
		<occluded>0</occluded>
		<bndbox>
			<xmin>148</xmin>
			<xmax>322</xmax>
			<ymin>290</ymin>
			<ymax>335</ymax>
		</bndbox>
	</object>
</annotation>
