<annotation>
	<folder></folder>
	<filename>b117ba53-d563-49c2-806b-343666616815___new_Maruti-Suzuki-recalls-75419-Baleno-cars-1961-DZire-cars-only-AGS-variant-Motown-India-Bureau-2-810-jpg_jpeg.rf.07204eee07438d63fb26a1c88afb9180.jpg</filename>
	<path>b117ba53-d563-49c2-806b-343666616815___new_Maruti-Suzuki-recalls-75419-Baleno-cars-1961-DZire-cars-only-AGS-variant-Motown-India-Bureau-2-810-jpg_jpeg.rf.07204eee07438d63fb26a1c88afb9180.jpg</path>
	<source>
		<database>roboflow.com</database>
	</source>
	<size>
		<width>640</width>
		<height>640</height>
		<depth>3</depth>
	</size>
	<segmented>0</segmented>
	<object>
		<name>LicensePlate</name>
		<pose>Unspecified</pose>
		<truncated>0</truncated>
		<difficult>0</difficult>
		<occluded>0</occluded>
		<bndbox>
			<xmin>239</xmin>
			<xmax>435</xmax>
			<ymin>343</ymin>
			<ymax>430</ymax>
		</bndbox>
	</object>
</annotation>
