<annotation>
	<folder></folder>
	<filename>b176b317-68a9-4c38-ac39-55e5244c9b9c___60653-jpg_jpeg.rf.c65fe98ef2271b86a7cf16ca81c9e7d4.jpg</filename>
	<path>b176b317-68a9-4c38-ac39-55e5244c9b9c___60653-jpg_jpeg.rf.c65fe98ef2271b86a7cf16ca81c9e7d4.jpg</path>
	<source>
		<database>roboflow.com</database>
	</source>
	<size>
		<width>640</width>
		<height>640</height>
		<depth>3</depth>
	</size>
	<segmented>0</segmented>
	<object>
		<name>LicensePlate</name>
		<pose>Unspecified</pose>
		<truncated>0</truncated>
		<difficult>0</difficult>
		<occluded>0</occluded>
		<bndbox>
			<xmin>315</xmin>
			<xmax>542</xmax>
			<ymin>217</ymin>
			<ymax>484</ymax>
		</bndbox>
	</object>
</annotation>
