<annotation>
	<folder></folder>
	<filename>b3e82163-400b-4211-bb99-a5b53fb13a25___new_IMG_8883-jpg_jpeg.rf.28fff881996bccb2b286dade476158e4.jpg</filename>
	<path>b3e82163-400b-4211-bb99-a5b53fb13a25___new_IMG_8883-jpg_jpeg.rf.28fff881996bccb2b286dade476158e4.jpg</path>
	<source>
		<database>roboflow.com</database>
	</source>
	<size>
		<width>640</width>
		<height>640</height>
		<depth>3</depth>
	</size>
	<segmented>0</segmented>
	<object>
		<name>LicensePlate</name>
		<pose>Unspecified</pose>
		<truncated>0</truncated>
		<difficult>0</difficult>
		<occluded>0</occluded>
		<bndbox>
			<xmin>119</xmin>
			<xmax>502</xmax>
			<ymin>234</ymin>
			<ymax>385</ymax>
		</bndbox>
	</object>
</annotation>
