<annotation>
	<folder></folder>
	<filename>b5b41a4b-8913-4af6-9419-ac6398d266b0___161893107_2_1000x700_innava-with-fancy-number-upload-photos-jpg_jpeg.rf.9bbd905a000bacabd1cb592e9d14a85c.jpg</filename>
	<path>b5b41a4b-8913-4af6-9419-ac6398d266b0___161893107_2_1000x700_innava-with-fancy-number-upload-photos-jpg_jpeg.rf.9bbd905a000bacabd1cb592e9d14a85c.jpg</path>
	<source>
		<database>roboflow.com</database>
	</source>
	<size>
		<width>640</width>
		<height>640</height>
		<depth>3</depth>
	</size>
	<segmented>0</segmented>
	<object>
		<name>LicensePlate</name>
		<pose>Unspecified</pose>
		<truncated>0</truncated>
		<difficult>0</difficult>
		<occluded>0</occluded>
		<bndbox>
			<xmin>133</xmin>
			<xmax>274</xmax>
			<ymin>326</ymin>
			<ymax>386</ymax>
		</bndbox>
	</object>
</annotation>
