<annotation>
	<folder></folder>
	<filename>b78259be-7ef5-4499-b9a2-2b8a37660e8b___Maruti-Suzuki-Celerio-Front-Number-Plates-Design-jpg_jpeg.rf.2dfa020e4c7724386e47c6799ee85679.jpg</filename>
	<path>b78259be-7ef5-4499-b9a2-2b8a37660e8b___Maruti-Suzuki-Celerio-Front-Number-Plates-Design-jpg_jpeg.rf.2dfa020e4c7724386e47c6799ee85679.jpg</path>
	<source>
		<database>roboflow.com</database>
	</source>
	<size>
		<width>640</width>
		<height>640</height>
		<depth>3</depth>
	</size>
	<segmented>0</segmented>
	<object>
		<name>LicensePlate</name>
		<pose>Unspecified</pose>
		<truncated>0</truncated>
		<difficult>0</difficult>
		<occluded>0</occluded>
		<bndbox>
			<xmin>217</xmin>
			<xmax>461</xmax>
			<ymin>256</ymin>
			<ymax>330</ymax>
		</bndbox>
	</object>
</annotation>
