<annotation>
	<folder></folder>
	<filename>b78553c7-977e-49a2-b3d2-42825d83c8b0___1557297d1474517501-toyota-innova-crysta-official-review-20160920_191445-jpg_jpeg.rf.4273bc177ce1984ec36c89b20c1b4dc7.jpg</filename>
	<path>b78553c7-977e-49a2-b3d2-42825d83c8b0___1557297d1474517501-toyota-innova-crysta-official-review-20160920_191445-jpg_jpeg.rf.4273bc177ce1984ec36c89b20c1b4dc7.jpg</path>
	<source>
		<database>roboflow.com</database>
	</source>
	<size>
		<width>640</width>
		<height>640</height>
		<depth>3</depth>
	</size>
	<segmented>0</segmented>
	<object>
		<name>LicensePlate</name>
		<pose>Unspecified</pose>
		<truncated>0</truncated>
		<difficult>0</difficult>
		<occluded>0</occluded>
		<bndbox>
			<xmin>72</xmin>
			<xmax>282</xmax>
			<ymin>319</ymin>
			<ymax>442</ymax>
		</bndbox>
	</object>
</annotation>
