<annotation>
	<folder></folder>
	<filename>ba457a81-cf10-4879-8e8f-3a0a8d10689a___3e7fd381-0ae5-4421-8a70-279ee0ec1c61_hqdefault_jpg.rf.67abe1c44bcefba627c2950299cf6cde.jpg</filename>
	<path>ba457a81-cf10-4879-8e8f-3a0a8d10689a___3e7fd381-0ae5-4421-8a70-279ee0ec1c61_hqdefault_jpg.rf.67abe1c44bcefba627c2950299cf6cde.jpg</path>
	<source>
		<database>roboflow.com</database>
	</source>
	<size>
		<width>640</width>
		<height>640</height>
		<depth>3</depth>
	</size>
	<segmented>0</segmented>
	<object>
		<name>LicensePlate</name>
		<pose>Unspecified</pose>
		<truncated>0</truncated>
		<difficult>0</difficult>
		<occluded>0</occluded>
		<bndbox>
			<xmin>241</xmin>
			<xmax>374</xmax>
			<ymin>358</ymin>
			<ymax>396</ymax>
		</bndbox>
	</object>
</annotation>
