<annotation>
	<folder></folder>
	<filename>bb210ab4-795c-4b2b-9b6e-4597cbc67375___White-2BPlate_jpeg.rf.5102662685e3c6248cf1aebad8dd24a8.jpg</filename>
	<path>bb210ab4-795c-4b2b-9b6e-4597cbc67375___White-2BPlate_jpeg.rf.5102662685e3c6248cf1aebad8dd24a8.jpg</path>
	<source>
		<database>roboflow.com</database>
	</source>
	<size>
		<width>640</width>
		<height>640</height>
		<depth>3</depth>
	</size>
	<segmented>0</segmented>
	<object>
		<name>LicensePlate</name>
		<pose>Unspecified</pose>
		<truncated>0</truncated>
		<difficult>0</difficult>
		<occluded>0</occluded>
		<bndbox>
			<xmin>237</xmin>
			<xmax>396</xmax>
			<ymin>428</ymin>
			<ymax>474</ymax>
		</bndbox>
	</object>
</annotation>
