<annotation>
	<folder></folder>
	<filename>bb767d81-73b4-4c47-b619-7efde490b199___3e7fd381-0ae5-4421-8a70-279ee0ec1c61_oem-name0-Copy_jpg.rf.3cd5eeb2206512ae974de7702e3386f2.jpg</filename>
	<path>bb767d81-73b4-4c47-b619-7efde490b199___3e7fd381-0ae5-4421-8a70-279ee0ec1c61_oem-name0-Copy_jpg.rf.3cd5eeb2206512ae974de7702e3386f2.jpg</path>
	<source>
		<database>roboflow.com</database>
	</source>
	<size>
		<width>640</width>
		<height>640</height>
		<depth>3</depth>
	</size>
	<segmented>0</segmented>
	<object>
		<name>LicensePlate</name>
		<pose>Unspecified</pose>
		<truncated>0</truncated>
		<difficult>0</difficult>
		<occluded>0</occluded>
		<bndbox>
			<xmin>219</xmin>
			<xmax>382</xmax>
			<ymin>475</ymin>
			<ymax>500</ymax>
		</bndbox>
	</object>
</annotation>
