<annotation>
	<folder></folder>
	<filename>bbf22d00-3dd6-4338-b701-264e0c0c0aff___Maruti-Swift-DZire-Photos-1-jpg_jpeg.rf.ed27131420919a77ee704a5d1dc8671a.jpg</filename>
	<path>bbf22d00-3dd6-4338-b701-264e0c0c0aff___Maruti-Swift-DZire-Photos-1-jpg_jpeg.rf.ed27131420919a77ee704a5d1dc8671a.jpg</path>
	<source>
		<database>roboflow.com</database>
	</source>
	<size>
		<width>640</width>
		<height>640</height>
		<depth>3</depth>
	</size>
	<segmented>0</segmented>
	<object>
		<name>LicensePlate</name>
		<pose>Unspecified</pose>
		<truncated>0</truncated>
		<difficult>0</difficult>
		<occluded>0</occluded>
		<bndbox>
			<xmin>207</xmin>
			<xmax>420</xmax>
			<ymin>307</ymin>
			<ymax>368</ymax>
		</bndbox>
	</object>
</annotation>
