<annotation>
	<folder></folder>
	<filename>bcdc8b42-5dd4-48e2-8104-706440524bfe___hqdefault0-jpg_jpeg.rf.f84b7ae4f9f25e1e5ae83d57e02dc85b.jpg</filename>
	<path>bcdc8b42-5dd4-48e2-8104-706440524bfe___hqdefault0-jpg_jpeg.rf.f84b7ae4f9f25e1e5ae83d57e02dc85b.jpg</path>
	<source>
		<database>roboflow.com</database>
	</source>
	<size>
		<width>640</width>
		<height>640</height>
		<depth>3</depth>
	</size>
	<segmented>0</segmented>
	<object>
		<name>LicensePlate</name>
		<pose>Unspecified</pose>
		<truncated>0</truncated>
		<difficult>0</difficult>
		<occluded>0</occluded>
		<bndbox>
			<xmin>1</xmin>
			<xmax>620</xmax>
			<ymin>111</ymin>
			<ymax>323</ymax>
		</bndbox>
	</object>
</annotation>
