<annotation>
	<folder></folder>
	<filename>bd742e42-bacc-430e-b9aa-9df666f5d9b3___kicker-647_010517112446-jpg_jpeg.rf.6db7c3a2a14a35d768ea0a389823787f.jpg</filename>
	<path>bd742e42-bacc-430e-b9aa-9df666f5d9b3___kicker-647_010517112446-jpg_jpeg.rf.6db7c3a2a14a35d768ea0a389823787f.jpg</path>
	<source>
		<database>roboflow.com</database>
	</source>
	<size>
		<width>640</width>
		<height>640</height>
		<depth>3</depth>
	</size>
	<segmented>0</segmented>
	<object>
		<name>LicensePlate</name>
		<pose>Unspecified</pose>
		<truncated>0</truncated>
		<difficult>0</difficult>
		<occluded>0</occluded>
		<bndbox>
			<xmin>200</xmin>
			<xmax>292</xmax>
			<ymin>339</ymin>
			<ymax>382</ymax>
		</bndbox>
	</object>
</annotation>
