<annotation>
	<folder></folder>
	<filename>bdad5f66-70ad-4241-9a62-bba1123c3486___3e7fd381-0ae5-4421-8a70-279ee0ec1c61_1447945d1449508546t-my-nissan-terrano-85-ps-_img_000000_000000_jpg.rf.83cb335358131123694055108a4ecb6d.jpg</filename>
	<path>bdad5f66-70ad-4241-9a62-bba1123c3486___3e7fd381-0ae5-4421-8a70-279ee0ec1c61_1447945d1449508546t-my-nissan-terrano-85-ps-_img_000000_000000_jpg.rf.83cb335358131123694055108a4ecb6d.jpg</path>
	<source>
		<database>roboflow.com</database>
	</source>
	<size>
		<width>640</width>
		<height>640</height>
		<depth>3</depth>
	</size>
	<segmented>0</segmented>
	<object>
		<name>LicensePlate</name>
		<pose>Unspecified</pose>
		<truncated>0</truncated>
		<difficult>0</difficult>
		<occluded>0</occluded>
		<bndbox>
			<xmin>322</xmin>
			<xmax>366</xmax>
			<ymin>380</ymin>
			<ymax>416</ymax>
		</bndbox>
	</object>
</annotation>
