<annotation>
	<folder></folder>
	<filename>be483d11-33f0-4c1f-87b6-9844eea28996___1093346d1370435964-take-look-number-plate-photo-jpg_jpeg.rf.e5904c92ba243c9650083585b1c15c6d.jpg</filename>
	<path>be483d11-33f0-4c1f-87b6-9844eea28996___1093346d1370435964-take-look-number-plate-photo-jpg_jpeg.rf.e5904c92ba243c9650083585b1c15c6d.jpg</path>
	<source>
		<database>roboflow.com</database>
	</source>
	<size>
		<width>640</width>
		<height>640</height>
		<depth>3</depth>
	</size>
	<segmented>0</segmented>
	<object>
		<name>LicensePlate</name>
		<pose>Unspecified</pose>
		<truncated>0</truncated>
		<difficult>0</difficult>
		<occluded>0</occluded>
		<bndbox>
			<xmin>312</xmin>
			<xmax>453</xmax>
			<ymin>310</ymin>
			<ymax>360</ymax>
		</bndbox>
	</object>
</annotation>
