<annotation>
	<folder></folder>
	<filename>bff789cd-2d58-4399-a55e-33be55f313e3___IMG_0472-jpg_jpeg.rf.7a58d9ff801d7a68a9b7d62d2906d4fd.jpg</filename>
	<path>bff789cd-2d58-4399-a55e-33be55f313e3___IMG_0472-jpg_jpeg.rf.7a58d9ff801d7a68a9b7d62d2906d4fd.jpg</path>
	<source>
		<database>roboflow.com</database>
	</source>
	<size>
		<width>640</width>
		<height>640</height>
		<depth>3</depth>
	</size>
	<segmented>0</segmented>
	<object>
		<name>LicensePlate</name>
		<pose>Unspecified</pose>
		<truncated>0</truncated>
		<difficult>0</difficult>
		<occluded>0</occluded>
		<bndbox>
			<xmin>249</xmin>
			<xmax>441</xmax>
			<ymin>403</ymin>
			<ymax>468</ymax>
		</bndbox>
	</object>
</annotation>
