<annotation>
	<folder></folder>
	<filename>c02b3989-8334-4cf7-b69c-bcd177e209d4___mqdefault-jpg_jpeg.rf.8571bc87f26671dd54e1bb482806d6a9.jpg</filename>
	<path>c02b3989-8334-4cf7-b69c-bcd177e209d4___mqdefault-jpg_jpeg.rf.8571bc87f26671dd54e1bb482806d6a9.jpg</path>
	<source>
		<database>roboflow.com</database>
	</source>
	<size>
		<width>640</width>
		<height>640</height>
		<depth>3</depth>
	</size>
	<segmented>0</segmented>
	<object>
		<name>LicensePlate</name>
		<pose>Unspecified</pose>
		<truncated>0</truncated>
		<difficult>0</difficult>
		<occluded>0</occluded>
		<bndbox>
			<xmin>191</xmin>
			<xmax>451</xmax>
			<ymin>65</ymin>
			<ymax>186</ymax>
		</bndbox>
	</object>
</annotation>
