<annotation>
	<folder></folder>
	<filename>c03a7106-1fb9-471f-bbb0-2e8f4a29759a___38e7b1109eb976088e1df2f14ac4c08c-jpg-Copy_jpeg.rf.8c8c2a00173b81adae11771b43e2c810.jpg</filename>
	<path>c03a7106-1fb9-471f-bbb0-2e8f4a29759a___38e7b1109eb976088e1df2f14ac4c08c-jpg-Copy_jpeg.rf.8c8c2a00173b81adae11771b43e2c810.jpg</path>
	<source>
		<database>roboflow.com</database>
	</source>
	<size>
		<width>640</width>
		<height>640</height>
		<depth>3</depth>
	</size>
	<segmented>0</segmented>
	<object>
		<name>LicensePlate</name>
		<pose>Unspecified</pose>
		<truncated>0</truncated>
		<difficult>0</difficult>
		<occluded>0</occluded>
		<bndbox>
			<xmin>118</xmin>
			<xmax>266</xmax>
			<ymin>424</ymin>
			<ymax>471</ymax>
		</bndbox>
	</object>
</annotation>
