<annotation>
	<folder></folder>
	<filename>c1d91c5e-128b-41d4-9f9d-ebfbef98b597___High_security_n15816-jpg_jpeg.rf.3ba826907ee260111f11fd1718ca4f39.jpg</filename>
	<path>c1d91c5e-128b-41d4-9f9d-ebfbef98b597___High_security_n15816-jpg_jpeg.rf.3ba826907ee260111f11fd1718ca4f39.jpg</path>
	<source>
		<database>roboflow.com</database>
	</source>
	<size>
		<width>640</width>
		<height>640</height>
		<depth>3</depth>
	</size>
	<segmented>0</segmented>
	<object>
		<name>LicensePlate</name>
		<pose>Unspecified</pose>
		<truncated>0</truncated>
		<difficult>0</difficult>
		<occluded>0</occluded>
		<bndbox>
			<xmin>20</xmin>
			<xmax>490</xmax>
			<ymin>225</ymin>
			<ymax>462</ymax>
		</bndbox>
	</object>
</annotation>
