<annotation>
	<folder></folder>
	<filename>c41652d9-19ae-4a7d-8423-230340ac30bc___Skoda_Laura_DSG_Long_Term_Review-125-jpg_jpeg.rf.d9ba2bc95c21b33c7241bcc16aabb53d.jpg</filename>
	<path>c41652d9-19ae-4a7d-8423-230340ac30bc___Skoda_Laura_DSG_Long_Term_Review-125-jpg_jpeg.rf.d9ba2bc95c21b33c7241bcc16aabb53d.jpg</path>
	<source>
		<database>roboflow.com</database>
	</source>
	<size>
		<width>640</width>
		<height>640</height>
		<depth>3</depth>
	</size>
	<segmented>0</segmented>
	<object>
		<name>LicensePlate</name>
		<pose>Unspecified</pose>
		<truncated>0</truncated>
		<difficult>0</difficult>
		<occluded>0</occluded>
		<bndbox>
			<xmin>246</xmin>
			<xmax>372</xmax>
			<ymin>423</ymin>
			<ymax>468</ymax>
		</bndbox>
	</object>
</annotation>
