<annotation>
	<folder></folder>
	<filename>c48f8704-bc40-462a-a595-445b2f2e63fe___new_77cca4b6f3864b3928824a030ba101d2-jpg_jpeg.rf.1e62c466b550638c230341cee5f7bc97.jpg</filename>
	<path>c48f8704-bc40-462a-a595-445b2f2e63fe___new_77cca4b6f3864b3928824a030ba101d2-jpg_jpeg.rf.1e62c466b550638c230341cee5f7bc97.jpg</path>
	<source>
		<database>roboflow.com</database>
	</source>
	<size>
		<width>640</width>
		<height>640</height>
		<depth>3</depth>
	</size>
	<segmented>0</segmented>
	<object>
		<name>LicensePlate</name>
		<pose>Unspecified</pose>
		<truncated>0</truncated>
		<difficult>0</difficult>
		<occluded>0</occluded>
		<bndbox>
			<xmin>78</xmin>
			<xmax>283</xmax>
			<ymin>387</ymin>
			<ymax>447</ymax>
		</bndbox>
	</object>
</annotation>
