<annotation>
	<folder></folder>
	<filename>c8a79e91-8c48-42d0-9b80-137fd033493c___automakers-number-plates-nitin-gadkari_827x510_61522653557-jpg_jpeg.rf.1217480e1ef38fb05a6d1324505e2286.jpg</filename>
	<path>c8a79e91-8c48-42d0-9b80-137fd033493c___automakers-number-plates-nitin-gadkari_827x510_61522653557-jpg_jpeg.rf.1217480e1ef38fb05a6d1324505e2286.jpg</path>
	<source>
		<database>roboflow.com</database>
	</source>
	<size>
		<width>640</width>
		<height>640</height>
		<depth>3</depth>
	</size>
	<segmented>0</segmented>
	<object>
		<name>LicensePlate</name>
		<pose>Unspecified</pose>
		<truncated>0</truncated>
		<difficult>0</difficult>
		<occluded>0</occluded>
		<bndbox>
			<xmin>110</xmin>
			<xmax>268</xmax>
			<ymin>423</ymin>
			<ymax>518</ymax>
		</bndbox>
	</object>
</annotation>
