<annotation>
	<folder></folder>
	<filename>car-wbs-KL20K7561_00000_jpeg.rf.5911e128aef1a744217b827ec24931d0.jpg</filename>
	<path>car-wbs-KL20K7561_00000_jpeg.rf.5911e128aef1a744217b827ec24931d0.jpg</path>
	<source>
		<database>roboflow.com</database>
	</source>
	<size>
		<width>640</width>
		<height>640</height>
		<depth>3</depth>
	</size>
	<segmented>0</segmented>
	<object>
		<name>LicensePlate</name>
		<pose>Unspecified</pose>
		<truncated>0</truncated>
		<difficult>0</difficult>
		<occluded>0</occluded>
		<bndbox>
			<xmin>203</xmin>
			<xmax>391</xmax>
			<ymin>264</ymin>
			<ymax>334</ymax>
		</bndbox>
	</object>
</annotation>
