<annotation>
	<folder></folder>
	<filename>car-wbs-MH14EH5819_00000_jpeg.rf.39035635d277eb1e824ae2dae0a6b844.jpg</filename>
	<path>car-wbs-MH14EH5819_00000_jpeg.rf.39035635d277eb1e824ae2dae0a6b844.jpg</path>
	<source>
		<database>roboflow.com</database>
	</source>
	<size>
		<width>640</width>
		<height>640</height>
		<depth>3</depth>
	</size>
	<segmented>0</segmented>
	<object>
		<name>LicensePlate</name>
		<pose>Unspecified</pose>
		<truncated>0</truncated>
		<difficult>0</difficult>
		<occluded>0</occluded>
		<bndbox>
			<xmin>438</xmin>
			<xmax>592</xmax>
			<ymin>394</ymin>
			<ymax>457</ymax>
		</bndbox>
	</object>
</annotation>
