<annotation>
	<folder></folder>
	<filename>car-wbs-MH03BS7778_00002_jpeg.rf.a48addac84c973c18d695225a1490985.jpg</filename>
	<path>car-wbs-MH03BS7778_00002_jpeg.rf.a48addac84c973c18d695225a1490985.jpg</path>
	<source>
		<database>roboflow.com</database>
	</source>
	<size>
		<width>640</width>
		<height>640</height>
		<depth>3</depth>
	</size>
	<segmented>0</segmented>
	<object>
		<name>LicensePlate</name>
		<pose>Unspecified</pose>
		<truncated>0</truncated>
		<difficult>0</difficult>
		<occluded>0</occluded>
		<bndbox>
			<xmin>213</xmin>
			<xmax>394</xmax>
			<ymin>452</ymin>
			<ymax>500</ymax>
		</bndbox>
	</object>
</annotation>
