<annotation>
	<folder></folder>
	<filename>car-wbs-MH01AR5274_00000_jpeg.rf.f2ca8af4f7f36b023e74d899d81f75d8.jpg</filename>
	<path>car-wbs-MH01AR5274_00000_jpeg.rf.f2ca8af4f7f36b023e74d899d81f75d8.jpg</path>
	<source>
		<database>roboflow.com</database>
	</source>
	<size>
		<width>640</width>
		<height>640</height>
		<depth>3</depth>
	</size>
	<segmented>0</segmented>
	<object>
		<name>LicensePlate</name>
		<pose>Unspecified</pose>
		<truncated>0</truncated>
		<difficult>0</difficult>
		<occluded>0</occluded>
		<bndbox>
			<xmin>202</xmin>
			<xmax>419</xmax>
			<ymin>241</ymin>
			<ymax>304</ymax>
		</bndbox>
	</object>
</annotation>
