<annotation>
	<folder></folder>
	<filename>car-wbs-TN21AT0492_00000_jpg.rf.218407b2271424bbbd53531b3900eb3e.jpg</filename>
	<path>car-wbs-TN21AT0492_00000_jpg.rf.218407b2271424bbbd53531b3900eb3e.jpg</path>
	<source>
		<database>roboflow.com</database>
	</source>
	<size>
		<width>640</width>
		<height>640</height>
		<depth>3</depth>
	</size>
	<segmented>0</segmented>
	<object>
		<name>LicensePlate</name>
		<pose>Unspecified</pose>
		<truncated>0</truncated>
		<difficult>0</difficult>
		<occluded>0</occluded>
		<bndbox>
			<xmin>418</xmin>
			<xmax>587</xmax>
			<ymin>473</ymin>
			<ymax>604</ymax>
		</bndbox>
	</object>
</annotation>
