<annotation>
	<folder></folder>
	<filename>car-wbs-KA01CA2555_00000_png.rf.5bb580cd286387a4fbcc28e5c20ff083.jpg</filename>
	<path>car-wbs-KA01CA2555_00000_png.rf.5bb580cd286387a4fbcc28e5c20ff083.jpg</path>
	<source>
		<database>roboflow.com</database>
	</source>
	<size>
		<width>640</width>
		<height>640</height>
		<depth>3</depth>
	</size>
	<segmented>0</segmented>
	<object>
		<name>LicensePlate</name>
		<pose>Unspecified</pose>
		<truncated>0</truncated>
		<difficult>0</difficult>
		<occluded>0</occluded>
		<bndbox>
			<xmin>294</xmin>
			<xmax>534</xmax>
			<ymin>288</ymin>
			<ymax>424</ymax>
		</bndbox>
	</object>
</annotation>
