<annotation>
	<folder></folder>
	<filename>car-wbs-MH20CS1941_00000_jpeg.rf.54feaeb5ff81b144992a1ee06cbc4cb3.jpg</filename>
	<path>car-wbs-MH20CS1941_00000_jpeg.rf.54feaeb5ff81b144992a1ee06cbc4cb3.jpg</path>
	<source>
		<database>roboflow.com</database>
	</source>
	<size>
		<width>640</width>
		<height>640</height>
		<depth>3</depth>
	</size>
	<segmented>0</segmented>
	<object>
		<name>LicensePlate</name>
		<pose>Unspecified</pose>
		<truncated>0</truncated>
		<difficult>0</difficult>
		<occluded>0</occluded>
		<bndbox>
			<xmin>209</xmin>
			<xmax>426</xmax>
			<ymin>463</ymin>
			<ymax>529</ymax>
		</bndbox>
	</object>
</annotation>
