<annotation>
	<folder></folder>
	<filename>car-wbs-MH12BG7237_00000_png.rf.72f163abb530f2bd49691f82627a746f.jpg</filename>
	<path>car-wbs-MH12BG7237_00000_png.rf.72f163abb530f2bd49691f82627a746f.jpg</path>
	<source>
		<database>roboflow.com</database>
	</source>
	<size>
		<width>640</width>
		<height>640</height>
		<depth>3</depth>
	</size>
	<segmented>0</segmented>
	<object>
		<name>LicensePlate</name>
		<pose>Unspecified</pose>
		<truncated>0</truncated>
		<difficult>0</difficult>
		<occluded>0</occluded>
		<bndbox>
			<xmin>112</xmin>
			<xmax>434</xmax>
			<ymin>359</ymin>
			<ymax>523</ymax>
		</bndbox>
	</object>
</annotation>
