<annotation>
	<folder></folder>
	<filename>car-wbs-TN99F2378_00000_png.rf.4e687cb5f8e89f390a685c0f68f5a5a5.jpg</filename>
	<path>car-wbs-TN99F2378_00000_png.rf.4e687cb5f8e89f390a685c0f68f5a5a5.jpg</path>
	<source>
		<database>roboflow.com</database>
	</source>
	<size>
		<width>640</width>
		<height>640</height>
		<depth>3</depth>
	</size>
	<segmented>0</segmented>
	<object>
		<name>LicensePlate</name>
		<pose>Unspecified</pose>
		<truncated>0</truncated>
		<difficult>0</difficult>
		<occluded>0</occluded>
		<bndbox>
			<xmin>162</xmin>
			<xmax>474</xmax>
			<ymin>70</ymin>
			<ymax>181</ymax>
		</bndbox>
	</object>
</annotation>
