<annotation>
	<folder></folder>
	<filename>car-wbs-KL43B2344_00000_jpeg.rf.3006c2a719c6a2c827498b20b60a31f6.jpg</filename>
	<path>car-wbs-KL43B2344_00000_jpeg.rf.3006c2a719c6a2c827498b20b60a31f6.jpg</path>
	<source>
		<database>roboflow.com</database>
	</source>
	<size>
		<width>640</width>
		<height>640</height>
		<depth>3</depth>
	</size>
	<segmented>0</segmented>
	<object>
		<name>LicensePlate</name>
		<pose>Unspecified</pose>
		<truncated>0</truncated>
		<difficult>0</difficult>
		<occluded>0</occluded>
		<bndbox>
			<xmin>208</xmin>
			<xmax>437</xmax>
			<ymin>169</ymin>
			<ymax>273</ymax>
		</bndbox>
	</object>
</annotation>
