<annotation>
	<folder></folder>
	<filename>car-wbs-MH03BS7778_00001_jpeg.rf.439efdb87afc16d1d26e26e726022b94.jpg</filename>
	<path>car-wbs-MH03BS7778_00001_jpeg.rf.439efdb87afc16d1d26e26e726022b94.jpg</path>
	<source>
		<database>roboflow.com</database>
	</source>
	<size>
		<width>640</width>
		<height>640</height>
		<depth>3</depth>
	</size>
	<segmented>0</segmented>
	<object>
		<name>LicensePlate</name>
		<pose>Unspecified</pose>
		<truncated>0</truncated>
		<difficult>0</difficult>
		<occluded>0</occluded>
		<bndbox>
			<xmin>256</xmin>
			<xmax>473</xmax>
			<ymin>313</ymin>
			<ymax>383</ymax>
		</bndbox>
	</object>
</annotation>
