<annotation>
	<folder></folder>
	<filename>car-wbs-MH14EU3498_00000_jpeg.rf.248a2b6fdee060aa57ae10b8574eff24.jpg</filename>
	<path>car-wbs-MH14EU3498_00000_jpeg.rf.248a2b6fdee060aa57ae10b8574eff24.jpg</path>
	<source>
		<database>roboflow.com</database>
	</source>
	<size>
		<width>640</width>
		<height>640</height>
		<depth>3</depth>
	</size>
	<segmented>0</segmented>
	<object>
		<name>LicensePlate</name>
		<pose>Unspecified</pose>
		<truncated>0</truncated>
		<difficult>0</difficult>
		<occluded>0</occluded>
		<bndbox>
			<xmin>107</xmin>
			<xmax>469</xmax>
			<ymin>277</ymin>
			<ymax>431</ymax>
		</bndbox>
	</object>
</annotation>
