<annotation>
	<folder></folder>
	<filename>car-wbs-MH20CS1938_00000_jpeg.rf.2cd463063e761f872ff490ecccbceead.jpg</filename>
	<path>car-wbs-MH20CS1938_00000_jpeg.rf.2cd463063e761f872ff490ecccbceead.jpg</path>
	<source>
		<database>roboflow.com</database>
	</source>
	<size>
		<width>640</width>
		<height>640</height>
		<depth>3</depth>
	</size>
	<segmented>0</segmented>
	<object>
		<name>LicensePlate</name>
		<pose>Unspecified</pose>
		<truncated>0</truncated>
		<difficult>0</difficult>
		<occluded>0</occluded>
		<bndbox>
			<xmin>199</xmin>
			<xmax>305</xmax>
			<ymin>410</ymin>
			<ymax>471</ymax>
		</bndbox>
	</object>
</annotation>
