<annotation>
	<folder></folder>
	<filename>car-wbs-KL10AW2814_00001_jpeg.rf.017c52762e47cfee945ba8bf6637b0c2.jpg</filename>
	<path>car-wbs-KL10AW2814_00001_jpeg.rf.017c52762e47cfee945ba8bf6637b0c2.jpg</path>
	<source>
		<database>roboflow.com</database>
	</source>
	<size>
		<width>640</width>
		<height>640</height>
		<depth>3</depth>
	</size>
	<segmented>0</segmented>
	<object>
		<name>LicensePlate</name>
		<pose>Unspecified</pose>
		<truncated>0</truncated>
		<difficult>0</difficult>
		<occluded>0</occluded>
		<bndbox>
			<xmin>139</xmin>
			<xmax>541</xmax>
			<ymin>337</ymin>
			<ymax>475</ymax>
		</bndbox>
	</object>
</annotation>
