<annotation>
	<folder></folder>
	<filename>car-wbs-MH01AE8017_00000_jpeg.rf.33823150d8b62550d76921d32ffc8737.jpg</filename>
	<path>car-wbs-MH01AE8017_00000_jpeg.rf.33823150d8b62550d76921d32ffc8737.jpg</path>
	<source>
		<database>roboflow.com</database>
	</source>
	<size>
		<width>640</width>
		<height>640</height>
		<depth>3</depth>
	</size>
	<segmented>0</segmented>
	<object>
		<name>LicensePlate</name>
		<pose>Unspecified</pose>
		<truncated>0</truncated>
		<difficult>0</difficult>
		<occluded>0</occluded>
		<bndbox>
			<xmin>18</xmin>
			<xmax>490</xmax>
			<ymin>54</ymin>
			<ymax>439</ymax>
		</bndbox>
	</object>
</annotation>
