<annotation>
	<folder></folder>
	<filename>car-wbs-HR26CB1900_00000_png.rf.1b0a4fb66051922da8f041abf08913d8.jpg</filename>
	<path>car-wbs-HR26CB1900_00000_png.rf.1b0a4fb66051922da8f041abf08913d8.jpg</path>
	<source>
		<database>roboflow.com</database>
	</source>
	<size>
		<width>640</width>
		<height>640</height>
		<depth>3</depth>
	</size>
	<segmented>0</segmented>
	<object>
		<name>LicensePlate</name>
		<pose>Unspecified</pose>
		<truncated>0</truncated>
		<difficult>0</difficult>
		<occluded>0</occluded>
		<bndbox>
			<xmin>190</xmin>
			<xmax>251</xmax>
			<ymin>338</ymin>
			<ymax>359</ymax>
		</bndbox>
	</object>
</annotation>
