<annotation>
	<folder></folder>
	<filename>car-wbs-TN38BW1139_00000_jpeg.rf.21b3496ffc4827ef23c1c2d12c341084.jpg</filename>
	<path>car-wbs-TN38BW1139_00000_jpeg.rf.21b3496ffc4827ef23c1c2d12c341084.jpg</path>
	<source>
		<database>roboflow.com</database>
	</source>
	<size>
		<width>640</width>
		<height>640</height>
		<depth>3</depth>
	</size>
	<segmented>0</segmented>
	<object>
		<name>LicensePlate</name>
		<pose>Unspecified</pose>
		<truncated>0</truncated>
		<difficult>0</difficult>
		<occluded>0</occluded>
		<bndbox>
			<xmin>74</xmin>
			<xmax>555</xmax>
			<ymin>295</ymin>
			<ymax>440</ymax>
		</bndbox>
	</object>
</annotation>
