<annotation>
	<folder></folder>
	<filename>car-wbs-MH20EE045_00000_jpeg.rf.2bc8f8c6e2c596b257da21e4d19efe0f.jpg</filename>
	<path>car-wbs-MH20EE045_00000_jpeg.rf.2bc8f8c6e2c596b257da21e4d19efe0f.jpg</path>
	<source>
		<database>roboflow.com</database>
	</source>
	<size>
		<width>640</width>
		<height>640</height>
		<depth>3</depth>
	</size>
	<segmented>0</segmented>
	<object>
		<name>LicensePlate</name>
		<pose>Unspecified</pose>
		<truncated>0</truncated>
		<difficult>0</difficult>
		<occluded>0</occluded>
		<bndbox>
			<xmin>287</xmin>
			<xmax>515</xmax>
			<ymin>284</ymin>
			<ymax>366</ymax>
		</bndbox>
	</object>
</annotation>
