<annotation>
	<folder></folder>
	<filename>car-wbs-TN37CR4019_00000_jpeg.rf.017d2e5669c239ea7cea5eea13ab0b7c.jpg</filename>
	<path>car-wbs-TN37CR4019_00000_jpeg.rf.017d2e5669c239ea7cea5eea13ab0b7c.jpg</path>
	<source>
		<database>roboflow.com</database>
	</source>
	<size>
		<width>640</width>
		<height>640</height>
		<depth>3</depth>
	</size>
	<segmented>0</segmented>
	<object>
		<name>LicensePlate</name>
		<pose>Unspecified</pose>
		<truncated>0</truncated>
		<difficult>0</difficult>
		<occluded>0</occluded>
		<bndbox>
			<xmin>159</xmin>
			<xmax>466</xmax>
			<ymin>316</ymin>
			<ymax>424</ymax>
		</bndbox>
	</object>
</annotation>
