<annotation>
	<folder></folder>
	<filename>car-wbs-TN99F2378_00000_jpeg.rf.d9c43421ccab771f5a8b457998109648.jpg</filename>
	<path>car-wbs-TN99F2378_00000_jpeg.rf.d9c43421ccab771f5a8b457998109648.jpg</path>
	<source>
		<database>roboflow.com</database>
	</source>
	<size>
		<width>640</width>
		<height>640</height>
		<depth>3</depth>
	</size>
	<segmented>0</segmented>
	<object>
		<name>LicensePlate</name>
		<pose>Unspecified</pose>
		<truncated>0</truncated>
		<difficult>0</difficult>
		<occluded>0</occluded>
		<bndbox>
			<xmin>211</xmin>
			<xmax>618</xmax>
			<ymin>87</ymin>
			<ymax>226</ymax>
		</bndbox>
	</object>
</annotation>
