<annotation>
	<folder></folder>
	<filename>car-wbs-GJ03JL0126_00000_png.rf.65cf551a01467d46211a806e12529063.jpg</filename>
	<path>car-wbs-GJ03JL0126_00000_png.rf.65cf551a01467d46211a806e12529063.jpg</path>
	<source>
		<database>roboflow.com</database>
	</source>
	<size>
		<width>640</width>
		<height>640</height>
		<depth>3</depth>
	</size>
	<segmented>0</segmented>
	<object>
		<name>LicensePlate</name>
		<pose>Unspecified</pose>
		<truncated>0</truncated>
		<difficult>0</difficult>
		<occluded>0</occluded>
		<bndbox>
			<xmin>246</xmin>
			<xmax>393</xmax>
			<ymin>402</ymin>
			<ymax>468</ymax>
		</bndbox>
	</object>
</annotation>
