<annotation>
	<folder></folder>
	<filename>car-wbs-TN19S4523_00000_png.rf.757b0b5c8ba3f76dded0ec7575f79fff.jpg</filename>
	<path>car-wbs-TN19S4523_00000_png.rf.757b0b5c8ba3f76dded0ec7575f79fff.jpg</path>
	<source>
		<database>roboflow.com</database>
	</source>
	<size>
		<width>640</width>
		<height>640</height>
		<depth>3</depth>
	</size>
	<segmented>0</segmented>
	<object>
		<name>LicensePlate</name>
		<pose>Unspecified</pose>
		<truncated>0</truncated>
		<difficult>0</difficult>
		<occluded>0</occluded>
		<bndbox>
			<xmin>365</xmin>
			<xmax>514</xmax>
			<ymin>517</ymin>
			<ymax>555</ymax>
		</bndbox>
	</object>
</annotation>
