<annotation>
	<folder></folder>
	<filename>car-wbs-KL10AV6633_00000_jpg.rf.cdfd0b8ae784c6086c528bd4660773f5.jpg</filename>
	<path>car-wbs-KL10AV6633_00000_jpg.rf.cdfd0b8ae784c6086c528bd4660773f5.jpg</path>
	<source>
		<database>roboflow.com</database>
	</source>
	<size>
		<width>640</width>
		<height>640</height>
		<depth>3</depth>
	</size>
	<segmented>0</segmented>
	<object>
		<name>LicensePlate</name>
		<pose>Unspecified</pose>
		<truncated>0</truncated>
		<difficult>0</difficult>
		<occluded>0</occluded>
		<bndbox>
			<xmin>208</xmin>
			<xmax>447</xmax>
			<ymin>397</ymin>
			<ymax>493</ymax>
		</bndbox>
	</object>
</annotation>
