<annotation>
	<folder></folder>
	<filename>car-wbs-MH14DT8831_00000_jpeg.rf.194e27cd2af8b03e373c9079634bdfe7.jpg</filename>
	<path>car-wbs-MH14DT8831_00000_jpeg.rf.194e27cd2af8b03e373c9079634bdfe7.jpg</path>
	<source>
		<database>roboflow.com</database>
	</source>
	<size>
		<width>640</width>
		<height>640</height>
		<depth>3</depth>
	</size>
	<segmented>0</segmented>
	<object>
		<name>LicensePlate</name>
		<pose>Unspecified</pose>
		<truncated>0</truncated>
		<difficult>0</difficult>
		<occluded>0</occluded>
		<bndbox>
			<xmin>50</xmin>
			<xmax>577</xmax>
			<ymin>132</ymin>
			<ymax>488</ymax>
		</bndbox>
	</object>
</annotation>
