<annotation>
	<folder></folder>
	<filename>car-wbs-MH46X9996_00000_jpg.rf.276bc017a5781c0a25cc7cd579c78b4e.jpg</filename>
	<path>car-wbs-MH46X9996_00000_jpg.rf.276bc017a5781c0a25cc7cd579c78b4e.jpg</path>
	<source>
		<database>roboflow.com</database>
	</source>
	<size>
		<width>640</width>
		<height>640</height>
		<depth>3</depth>
	</size>
	<segmented>0</segmented>
	<object>
		<name>LicensePlate</name>
		<pose>Unspecified</pose>
		<truncated>0</truncated>
		<difficult>0</difficult>
		<occluded>0</occluded>
		<bndbox>
			<xmin>205</xmin>
			<xmax>432</xmax>
			<ymin>522</ymin>
			<ymax>582</ymax>
		</bndbox>
	</object>
</annotation>
