<annotation>
	<folder></folder>
	<filename>car-wbs-CH01AN0001_00000_png.rf.a5cbeb771ec2589616c8fc90889a2bba.jpg</filename>
	<path>car-wbs-CH01AN0001_00000_png.rf.a5cbeb771ec2589616c8fc90889a2bba.jpg</path>
	<source>
		<database>roboflow.com</database>
	</source>
	<size>
		<width>640</width>
		<height>640</height>
		<depth>3</depth>
	</size>
	<segmented>0</segmented>
	<object>
		<name>LicensePlate</name>
		<pose>Unspecified</pose>
		<truncated>0</truncated>
		<difficult>0</difficult>
		<occluded>0</occluded>
		<bndbox>
			<xmin>416</xmin>
			<xmax>625</xmax>
			<ymin>528</ymin>
			<ymax>619</ymax>
		</bndbox>
	</object>
</annotation>
