<annotation>
	<folder></folder>
	<filename>car-wbs-TN21AT0480_00001_jpg.rf.ae3487ad795039b362988dd79bfd5e59.jpg</filename>
	<path>car-wbs-TN21AT0480_00001_jpg.rf.ae3487ad795039b362988dd79bfd5e59.jpg</path>
	<source>
		<database>roboflow.com</database>
	</source>
	<size>
		<width>640</width>
		<height>640</height>
		<depth>3</depth>
	</size>
	<segmented>0</segmented>
	<object>
		<name>LicensePlate</name>
		<pose>Unspecified</pose>
		<truncated>0</truncated>
		<difficult>0</difficult>
		<occluded>0</occluded>
		<bndbox>
			<xmin>113</xmin>
			<xmax>264</xmax>
			<ymin>410</ymin>
			<ymax>471</ymax>
		</bndbox>
	</object>
</annotation>
