<annotation>
	<folder></folder>
	<filename>car-wbs-TN45BA1065_00000_jpeg.rf.a560c53deb44751622e20e937b6db00e.jpg</filename>
	<path>car-wbs-TN45BA1065_00000_jpeg.rf.a560c53deb44751622e20e937b6db00e.jpg</path>
	<source>
		<database>roboflow.com</database>
	</source>
	<size>
		<width>640</width>
		<height>640</height>
		<depth>3</depth>
	</size>
	<segmented>0</segmented>
	<object>
		<name>LicensePlate</name>
		<pose>Unspecified</pose>
		<truncated>0</truncated>
		<difficult>0</difficult>
		<occluded>0</occluded>
		<bndbox>
			<xmin>198</xmin>
			<xmax>409</xmax>
			<ymin>241</ymin>
			<ymax>310</ymax>
		</bndbox>
	</object>
</annotation>
