<annotation>
	<folder></folder>
	<filename>car-wbs-MH14EP4660_00000_jpeg.rf.d6f9ee40ae98a445e493da91db4fad46.jpg</filename>
	<path>car-wbs-MH14EP4660_00000_jpeg.rf.d6f9ee40ae98a445e493da91db4fad46.jpg</path>
	<source>
		<database>roboflow.com</database>
	</source>
	<size>
		<width>640</width>
		<height>640</height>
		<depth>3</depth>
	</size>
	<segmented>0</segmented>
	<object>
		<name>LicensePlate</name>
		<pose>Unspecified</pose>
		<truncated>0</truncated>
		<difficult>0</difficult>
		<occluded>0</occluded>
		<bndbox>
			<xmin>223</xmin>
			<xmax>480</xmax>
			<ymin>396</ymin>
			<ymax>465</ymax>
		</bndbox>
	</object>
</annotation>
