<annotation>
	<folder></folder>
	<filename>car-wbs-MH20EE7598_00000_png.rf.b7852883ebc12eb82aad9c975900106d.jpg</filename>
	<path>car-wbs-MH20EE7598_00000_png.rf.b7852883ebc12eb82aad9c975900106d.jpg</path>
	<source>
		<database>roboflow.com</database>
	</source>
	<size>
		<width>640</width>
		<height>640</height>
		<depth>3</depth>
	</size>
	<segmented>0</segmented>
	<object>
		<name>LicensePlate</name>
		<pose>Unspecified</pose>
		<truncated>0</truncated>
		<difficult>0</difficult>
		<occluded>0</occluded>
		<bndbox>
			<xmin>267</xmin>
			<xmax>587</xmax>
			<ymin>326</ymin>
			<ymax>424</ymax>
		</bndbox>
	</object>
</annotation>
