<annotation>
	<folder></folder>
	<filename>car-wbs-TN59BE0939_00000_jpg.rf.07452116b21fe79d845a76bd52630ffb.jpg</filename>
	<path>car-wbs-TN59BE0939_00000_jpg.rf.07452116b21fe79d845a76bd52630ffb.jpg</path>
	<source>
		<database>roboflow.com</database>
	</source>
	<size>
		<width>640</width>
		<height>640</height>
		<depth>3</depth>
	</size>
	<segmented>0</segmented>
	<object>
		<name>LicensePlate</name>
		<pose>Unspecified</pose>
		<truncated>0</truncated>
		<difficult>0</difficult>
		<occluded>0</occluded>
		<bndbox>
			<xmin>256</xmin>
			<xmax>398</xmax>
			<ymin>549</ymin>
			<ymax>577</ymax>
		</bndbox>
	</object>
</annotation>
