<annotation>
	<folder></folder>
	<filename>car-wbs-MH14EH7958_00000_jpeg.rf.d675eb3d7966c36dbf6e94b35919fe80.jpg</filename>
	<path>car-wbs-MH14EH7958_00000_jpeg.rf.d675eb3d7966c36dbf6e94b35919fe80.jpg</path>
	<source>
		<database>roboflow.com</database>
	</source>
	<size>
		<width>640</width>
		<height>640</height>
		<depth>3</depth>
	</size>
	<segmented>0</segmented>
	<object>
		<name>LicensePlate</name>
		<pose>Unspecified</pose>
		<truncated>0</truncated>
		<difficult>0</difficult>
		<occluded>0</occluded>
		<bndbox>
			<xmin>218</xmin>
			<xmax>389</xmax>
			<ymin>418</ymin>
			<ymax>471</ymax>
		</bndbox>
	</object>
</annotation>
