<annotation>
	<folder></folder>
	<filename>car-wbs-MH20BY3665_00000_jpeg.rf.b32aa3ecb49b4b0dd8685ff43b1bf7d4.jpg</filename>
	<path>car-wbs-MH20BY3665_00000_jpeg.rf.b32aa3ecb49b4b0dd8685ff43b1bf7d4.jpg</path>
	<source>
		<database>roboflow.com</database>
	</source>
	<size>
		<width>640</width>
		<height>640</height>
		<depth>3</depth>
	</size>
	<segmented>0</segmented>
	<object>
		<name>LicensePlate</name>
		<pose>Unspecified</pose>
		<truncated>0</truncated>
		<difficult>0</difficult>
		<occluded>0</occluded>
		<bndbox>
			<xmin>237</xmin>
			<xmax>413</xmax>
			<ymin>244</ymin>
			<ymax>312</ymax>
		</bndbox>
	</object>
</annotation>
