<annotation>
	<folder></folder>
	<filename>car-wbs-MH20BY3665_00001_jpeg.rf.af8662ccfc9dcb3e496d261b70899968.jpg</filename>
	<path>car-wbs-MH20BY3665_00001_jpeg.rf.af8662ccfc9dcb3e496d261b70899968.jpg</path>
	<source>
		<database>roboflow.com</database>
	</source>
	<size>
		<width>640</width>
		<height>640</height>
		<depth>3</depth>
	</size>
	<segmented>0</segmented>
	<object>
		<name>LicensePlate</name>
		<pose>Unspecified</pose>
		<truncated>0</truncated>
		<difficult>0</difficult>
		<occluded>0</occluded>
		<bndbox>
			<xmin>119</xmin>
			<xmax>501</xmax>
			<ymin>84</ymin>
			<ymax>270</ymax>
		</bndbox>
	</object>
</annotation>
