<annotation>
	<folder></folder>
	<filename>car-wbs-DL7CN5617_00000_png.rf.f39e3f1738f0866c965814c8886b28d7.jpg</filename>
	<path>car-wbs-DL7CN5617_00000_png.rf.f39e3f1738f0866c965814c8886b28d7.jpg</path>
	<source>
		<database>roboflow.com</database>
	</source>
	<size>
		<width>640</width>
		<height>640</height>
		<depth>3</depth>
	</size>
	<segmented>0</segmented>
	<object>
		<name>LicensePlate</name>
		<pose>Unspecified</pose>
		<truncated>0</truncated>
		<difficult>0</difficult>
		<occluded>0</occluded>
		<bndbox>
			<xmin>233</xmin>
			<xmax>415</xmax>
			<ymin>348</ymin>
			<ymax>398</ymax>
		</bndbox>
	</object>
</annotation>
