<annotation>
	<folder></folder>
	<filename>car-wbs-MH12DE1433_00001_jpeg.rf.4cbf975cc09d48a798d9052661e3af30.jpg</filename>
	<path>car-wbs-MH12DE1433_00001_jpeg.rf.4cbf975cc09d48a798d9052661e3af30.jpg</path>
	<source>
		<database>roboflow.com</database>
	</source>
	<size>
		<width>640</width>
		<height>640</height>
		<depth>3</depth>
	</size>
	<segmented>0</segmented>
	<object>
		<name>LicensePlate</name>
		<pose>Unspecified</pose>
		<truncated>0</truncated>
		<difficult>0</difficult>
		<occluded>0</occluded>
		<bndbox>
			<xmin>106</xmin>
			<xmax>571</xmax>
			<ymin>147</ymin>
			<ymax>362</ymax>
		</bndbox>
	</object>
</annotation>
