<annotation>
	<folder></folder>
	<filename>car-wbs-MH03CB6467_00000_jpg.rf.9e86f560db7e184b25d6f409200895ca.jpg</filename>
	<path>car-wbs-MH03CB6467_00000_jpg.rf.9e86f560db7e184b25d6f409200895ca.jpg</path>
	<source>
		<database>roboflow.com</database>
	</source>
	<size>
		<width>640</width>
		<height>640</height>
		<depth>3</depth>
	</size>
	<segmented>0</segmented>
	<object>
		<name>LicensePlate</name>
		<pose>Unspecified</pose>
		<truncated>0</truncated>
		<difficult>0</difficult>
		<occluded>0</occluded>
		<bndbox>
			<xmin>160</xmin>
			<xmax>452</xmax>
			<ymin>468</ymin>
			<ymax>533</ymax>
		</bndbox>
	</object>
</annotation>
