<annotation>
	<folder></folder>
	<filename>car-wbs-KL07CB8599_00000_jpeg.rf.f484edc60cef62e265ee64f11a1f7f32.jpg</filename>
	<path>car-wbs-KL07CB8599_00000_jpeg.rf.f484edc60cef62e265ee64f11a1f7f32.jpg</path>
	<source>
		<database>roboflow.com</database>
	</source>
	<size>
		<width>640</width>
		<height>640</height>
		<depth>3</depth>
	</size>
	<segmented>0</segmented>
	<object>
		<name>LicensePlate</name>
		<pose>Unspecified</pose>
		<truncated>0</truncated>
		<difficult>0</difficult>
		<occluded>0</occluded>
		<bndbox>
			<xmin>272</xmin>
			<xmax>425</xmax>
			<ymin>315</ymin>
			<ymax>379</ymax>
		</bndbox>
	</object>
</annotation>
