<annotation>
	<folder></folder>
	<filename>car-wbs-MH06AW8929_00000_jpeg.rf.a807b5ea3ad7707c9e8485bcb4e31405.jpg</filename>
	<path>car-wbs-MH06AW8929_00000_jpeg.rf.a807b5ea3ad7707c9e8485bcb4e31405.jpg</path>
	<source>
		<database>roboflow.com</database>
	</source>
	<size>
		<width>640</width>
		<height>640</height>
		<depth>3</depth>
	</size>
	<segmented>0</segmented>
	<object>
		<name>LicensePlate</name>
		<pose>Unspecified</pose>
		<truncated>0</truncated>
		<difficult>0</difficult>
		<occluded>0</occluded>
		<bndbox>
			<xmin>36</xmin>
			<xmax>206</xmax>
			<ymin>351</ymin>
			<ymax>467</ymax>
		</bndbox>
	</object>
</annotation>
