<annotation>
	<folder></folder>
	<filename>car-wbs-MH20CS1941_00001_jpeg.rf.e36122ea94eaa3863c8551a44282353e.jpg</filename>
	<path>car-wbs-MH20CS1941_00001_jpeg.rf.e36122ea94eaa3863c8551a44282353e.jpg</path>
	<source>
		<database>roboflow.com</database>
	</source>
	<size>
		<width>640</width>
		<height>640</height>
		<depth>3</depth>
	</size>
	<segmented>0</segmented>
	<object>
		<name>LicensePlate</name>
		<pose>Unspecified</pose>
		<truncated>0</truncated>
		<difficult>0</difficult>
		<occluded>0</occluded>
		<bndbox>
			<xmin>223</xmin>
			<xmax>442</xmax>
			<ymin>220</ymin>
			<ymax>296</ymax>
		</bndbox>
	</object>
</annotation>
