<annotation>
	<folder></folder>
	<filename>car-wbs-TN74AL5074_00000_jpeg.rf.a490d73166b56464b8f6ec1297dae1d2.jpg</filename>
	<path>car-wbs-TN74AL5074_00000_jpeg.rf.a490d73166b56464b8f6ec1297dae1d2.jpg</path>
	<source>
		<database>roboflow.com</database>
	</source>
	<size>
		<width>640</width>
		<height>640</height>
		<depth>3</depth>
	</size>
	<segmented>0</segmented>
	<object>
		<name>LicensePlate</name>
		<pose>Unspecified</pose>
		<truncated>0</truncated>
		<difficult>0</difficult>
		<occluded>0</occluded>
		<bndbox>
			<xmin>229</xmin>
			<xmax>480</xmax>
			<ymin>270</ymin>
			<ymax>429</ymax>
		</bndbox>
	</object>
</annotation>
