<annotation>
	<folder></folder>
	<filename>car-wbs-MH20BN3525_00000_jpeg.rf.faae3ab72cf6c9abb086469404240d9f.jpg</filename>
	<path>car-wbs-MH20BN3525_00000_jpeg.rf.faae3ab72cf6c9abb086469404240d9f.jpg</path>
	<source>
		<database>roboflow.com</database>
	</source>
	<size>
		<width>640</width>
		<height>640</height>
		<depth>3</depth>
	</size>
	<segmented>0</segmented>
	<object>
		<name>LicensePlate</name>
		<pose>Unspecified</pose>
		<truncated>0</truncated>
		<difficult>0</difficult>
		<occluded>0</occluded>
		<bndbox>
			<xmin>221</xmin>
			<xmax>566</xmax>
			<ymin>428</ymin>
			<ymax>514</ymax>
		</bndbox>
	</object>
</annotation>
