<annotation>
	<folder></folder>
	<filename>car-wbs-TS08ER1643_00000_png.rf.c040f0e8003a836e144abe39eb61fec1.jpg</filename>
	<path>car-wbs-TS08ER1643_00000_png.rf.c040f0e8003a836e144abe39eb61fec1.jpg</path>
	<source>
		<database>roboflow.com</database>
	</source>
	<size>
		<width>640</width>
		<height>640</height>
		<depth>3</depth>
	</size>
	<segmented>0</segmented>
	<object>
		<name>LicensePlate</name>
		<pose>Unspecified</pose>
		<truncated>0</truncated>
		<difficult>0</difficult>
		<occluded>0</occluded>
		<bndbox>
			<xmin>1</xmin>
			<xmax>621</xmax>
			<ymin>59</ymin>
			<ymax>328</ymax>
		</bndbox>
	</object>
</annotation>
