<annotation>
	<folder></folder>
	<filename>car-wbs-TN09CH7770_00000_jpeg.rf.8806b29479c486f973b0c337bd290db2.jpg</filename>
	<path>car-wbs-TN09CH7770_00000_jpeg.rf.8806b29479c486f973b0c337bd290db2.jpg</path>
	<source>
		<database>roboflow.com</database>
	</source>
	<size>
		<width>640</width>
		<height>640</height>
		<depth>3</depth>
	</size>
	<segmented>0</segmented>
	<object>
		<name>LicensePlate</name>
		<pose>Unspecified</pose>
		<truncated>0</truncated>
		<difficult>0</difficult>
		<occluded>0</occluded>
		<bndbox>
			<xmin>293</xmin>
			<xmax>575</xmax>
			<ymin>71</ymin>
			<ymax>206</ymax>
		</bndbox>
	</object>
</annotation>
