<annotation>
	<folder></folder>
	<filename>car-wbs-TN07BU5427_00000_jpeg.rf.73c205d5bcc59153545d78f269400804.jpg</filename>
	<path>car-wbs-TN07BU5427_00000_jpeg.rf.73c205d5bcc59153545d78f269400804.jpg</path>
	<source>
		<database>roboflow.com</database>
	</source>
	<size>
		<width>640</width>
		<height>640</height>
		<depth>3</depth>
	</size>
	<segmented>0</segmented>
	<object>
		<name>LicensePlate</name>
		<pose>Unspecified</pose>
		<truncated>0</truncated>
		<difficult>0</difficult>
		<occluded>0</occluded>
		<bndbox>
			<xmin>43</xmin>
			<xmax>500</xmax>
			<ymin>414</ymin>
			<ymax>495</ymax>
		</bndbox>
	</object>
</annotation>
