<annotation>
	<folder></folder>
	<filename>car-wbs-HR26BC5514_00000_png.rf.a3009d0be72e51d734af7c56eaa17b19.jpg</filename>
	<path>car-wbs-HR26BC5514_00000_png.rf.a3009d0be72e51d734af7c56eaa17b19.jpg</path>
	<source>
		<database>roboflow.com</database>
	</source>
	<size>
		<width>640</width>
		<height>640</height>
		<depth>3</depth>
	</size>
	<segmented>0</segmented>
	<object>
		<name>LicensePlate</name>
		<pose>Unspecified</pose>
		<truncated>0</truncated>
		<difficult>0</difficult>
		<occluded>0</occluded>
		<bndbox>
			<xmin>263</xmin>
			<xmax>382</xmax>
			<ymin>430</ymin>
			<ymax>468</ymax>
		</bndbox>
	</object>
</annotation>
