<annotation>
	<folder></folder>
	<filename>car-wbs-MH02CB4545_00000_jpeg.rf.553cb77d36bc7f87ac72a7e24295dea3.jpg</filename>
	<path>car-wbs-MH02CB4545_00000_jpeg.rf.553cb77d36bc7f87ac72a7e24295dea3.jpg</path>
	<source>
		<database>roboflow.com</database>
	</source>
	<size>
		<width>640</width>
		<height>640</height>
		<depth>3</depth>
	</size>
	<segmented>0</segmented>
	<object>
		<name>LicensePlate</name>
		<pose>Unspecified</pose>
		<truncated>0</truncated>
		<difficult>0</difficult>
		<occluded>0</occluded>
		<bndbox>
			<xmin>111</xmin>
			<xmax>333</xmax>
			<ymin>490</ymin>
			<ymax>639</ymax>
		</bndbox>
	</object>
</annotation>
