<annotation>
	<folder></folder>
	<filename>car-wbs-MH20CS4946_00000_jpeg.rf.0388afc9fcc7660b48ecbe3b10b84e3d.jpg</filename>
	<path>car-wbs-MH20CS4946_00000_jpeg.rf.0388afc9fcc7660b48ecbe3b10b84e3d.jpg</path>
	<source>
		<database>roboflow.com</database>
	</source>
	<size>
		<width>640</width>
		<height>640</height>
		<depth>3</depth>
	</size>
	<segmented>0</segmented>
	<object>
		<name>LicensePlate</name>
		<pose>Unspecified</pose>
		<truncated>0</truncated>
		<difficult>0</difficult>
		<occluded>0</occluded>
		<bndbox>
			<xmin>264</xmin>
			<xmax>436</xmax>
			<ymin>321</ymin>
			<ymax>363</ymax>
		</bndbox>
	</object>
</annotation>
