<annotation>
	<folder></folder>
	<filename>car-wbs-TN07BU5427_00001_jpeg.rf.3e1d6acb84aef614ba5ac5c90fb7da38.jpg</filename>
	<path>car-wbs-TN07BU5427_00001_jpeg.rf.3e1d6acb84aef614ba5ac5c90fb7da38.jpg</path>
	<source>
		<database>roboflow.com</database>
	</source>
	<size>
		<width>640</width>
		<height>640</height>
		<depth>3</depth>
	</size>
	<segmented>0</segmented>
	<object>
		<name>LicensePlate</name>
		<pose>Unspecified</pose>
		<truncated>0</truncated>
		<difficult>0</difficult>
		<occluded>0</occluded>
		<bndbox>
			<xmin>97</xmin>
			<xmax>293</xmax>
			<ymin>370</ymin>
			<ymax>413</ymax>
		</bndbox>
	</object>
</annotation>
