<annotation>
	<folder></folder>
	<filename>car-wbs-GJ05JH2501_00001_jpg.rf.aa64f5eb0eec83b588ff73976a8da0ea.jpg</filename>
	<path>car-wbs-GJ05JH2501_00001_jpg.rf.aa64f5eb0eec83b588ff73976a8da0ea.jpg</path>
	<source>
		<database>roboflow.com</database>
	</source>
	<size>
		<width>640</width>
		<height>640</height>
		<depth>3</depth>
	</size>
	<segmented>0</segmented>
	<object>
		<name>LicensePlate</name>
		<pose>Unspecified</pose>
		<truncated>0</truncated>
		<difficult>0</difficult>
		<occluded>0</occluded>
		<bndbox>
			<xmin>199</xmin>
			<xmax>386</xmax>
			<ymin>264</ymin>
			<ymax>294</ymax>
		</bndbox>
	</object>
</annotation>
