<annotation>
	<folder></folder>
	<filename>car-wbs-UP32FH2653_00000_jpg.rf.9ea9b9f678ea11bbfc2ed2cf4bb32333.jpg</filename>
	<path>car-wbs-UP32FH2653_00000_jpg.rf.9ea9b9f678ea11bbfc2ed2cf4bb32333.jpg</path>
	<source>
		<database>roboflow.com</database>
	</source>
	<size>
		<width>640</width>
		<height>640</height>
		<depth>3</depth>
	</size>
	<segmented>0</segmented>
	<object>
		<name>LicensePlate</name>
		<pose>Unspecified</pose>
		<truncated>0</truncated>
		<difficult>0</difficult>
		<occluded>0</occluded>
		<bndbox>
			<xmin>369</xmin>
			<xmax>525</xmax>
			<ymin>450</ymin>
			<ymax>528</ymax>
		</bndbox>
	</object>
</annotation>
