<annotation>
	<folder></folder>
	<filename>car-wbs-TN38BY4191_00000_jpeg.rf.a3955543a7fc680d5c5585ac71a6d3be.jpg</filename>
	<path>car-wbs-TN38BY4191_00000_jpeg.rf.a3955543a7fc680d5c5585ac71a6d3be.jpg</path>
	<source>
		<database>roboflow.com</database>
	</source>
	<size>
		<width>640</width>
		<height>640</height>
		<depth>3</depth>
	</size>
	<segmented>0</segmented>
	<object>
		<name>LicensePlate</name>
		<pose>Unspecified</pose>
		<truncated>0</truncated>
		<difficult>0</difficult>
		<occluded>0</occluded>
		<bndbox>
			<xmin>207</xmin>
			<xmax>489</xmax>
			<ymin>366</ymin>
			<ymax>418</ymax>
		</bndbox>
	</object>
</annotation>
