<annotation>
	<folder></folder>
	<filename>car-wbs-MH15BD8877_00000_png.rf.c77f04ab1b19a6ae4aa1a548e2ec5b57.jpg</filename>
	<path>car-wbs-MH15BD8877_00000_png.rf.c77f04ab1b19a6ae4aa1a548e2ec5b57.jpg</path>
	<source>
		<database>roboflow.com</database>
	</source>
	<size>
		<width>640</width>
		<height>640</height>
		<depth>3</depth>
	</size>
	<segmented>0</segmented>
	<object>
		<name>LicensePlate</name>
		<pose>Unspecified</pose>
		<truncated>0</truncated>
		<difficult>0</difficult>
		<occluded>0</occluded>
		<bndbox>
			<xmin>247</xmin>
			<xmax>513</xmax>
			<ymin>472</ymin>
			<ymax>545</ymax>
		</bndbox>
	</object>
</annotation>
