<annotation>
	<folder></folder>
	<filename>car-wbs-MH20BY4465_00000_jpeg.rf.448a913ae5beb73b9fe0d35ce8db3a35.jpg</filename>
	<path>car-wbs-MH20BY4465_00000_jpeg.rf.448a913ae5beb73b9fe0d35ce8db3a35.jpg</path>
	<source>
		<database>roboflow.com</database>
	</source>
	<size>
		<width>640</width>
		<height>640</height>
		<depth>3</depth>
	</size>
	<segmented>0</segmented>
	<object>
		<name>LicensePlate</name>
		<pose>Unspecified</pose>
		<truncated>0</truncated>
		<difficult>0</difficult>
		<occluded>0</occluded>
		<bndbox>
			<xmin>157</xmin>
			<xmax>352</xmax>
			<ymin>425</ymin>
			<ymax>504</ymax>
		</bndbox>
	</object>
</annotation>
