<annotation>
	<folder></folder>
	<filename>car-wbs-MH01AV8866_00000_png.rf.af92df456989032e9c333c09995af86f.jpg</filename>
	<path>car-wbs-MH01AV8866_00000_png.rf.af92df456989032e9c333c09995af86f.jpg</path>
	<source>
		<database>roboflow.com</database>
	</source>
	<size>
		<width>640</width>
		<height>640</height>
		<depth>3</depth>
	</size>
	<segmented>0</segmented>
	<object>
		<name>LicensePlate</name>
		<pose>Unspecified</pose>
		<truncated>0</truncated>
		<difficult>0</difficult>
		<occluded>0</occluded>
		<bndbox>
			<xmin>229</xmin>
			<xmax>402</xmax>
			<ymin>401</ymin>
			<ymax>450</ymax>
		</bndbox>
	</object>
</annotation>
