<annotation>
	<folder></folder>
	<filename>car-wbs-TN28BA9999_00000_jpeg.rf.3e69381222170e97a24608b5892dcb0c.jpg</filename>
	<path>car-wbs-TN28BA9999_00000_jpeg.rf.3e69381222170e97a24608b5892dcb0c.jpg</path>
	<source>
		<database>roboflow.com</database>
	</source>
	<size>
		<width>640</width>
		<height>640</height>
		<depth>3</depth>
	</size>
	<segmented>0</segmented>
	<object>
		<name>LicensePlate</name>
		<pose>Unspecified</pose>
		<truncated>0</truncated>
		<difficult>0</difficult>
		<occluded>0</occluded>
		<bndbox>
			<xmin>201</xmin>
			<xmax>402</xmax>
			<ymin>375</ymin>
			<ymax>413</ymax>
		</bndbox>
	</object>
</annotation>
