<annotation>
	<folder></folder>
	<filename>car-wbs-HR26CU6799_00000_png.rf.7cddd50e34119119007ac021447968ed.jpg</filename>
	<path>car-wbs-HR26CU6799_00000_png.rf.7cddd50e34119119007ac021447968ed.jpg</path>
	<source>
		<database>roboflow.com</database>
	</source>
	<size>
		<width>640</width>
		<height>640</height>
		<depth>3</depth>
	</size>
	<segmented>0</segmented>
	<object>
		<name>LicensePlate</name>
		<pose>Unspecified</pose>
		<truncated>0</truncated>
		<difficult>0</difficult>
		<occluded>0</occluded>
		<bndbox>
			<xmin>372</xmin>
			<xmax>492</xmax>
			<ymin>366</ymin>
			<ymax>423</ymax>
		</bndbox>
	</object>
</annotation>
