<annotation>
	<folder></folder>
	<filename>car-wbs-HR26BU0380_00000_png.rf.e48ff3c485ace2d5cbf1a9627678aaa8.jpg</filename>
	<path>car-wbs-HR26BU0380_00000_png.rf.e48ff3c485ace2d5cbf1a9627678aaa8.jpg</path>
	<source>
		<database>roboflow.com</database>
	</source>
	<size>
		<width>640</width>
		<height>640</height>
		<depth>3</depth>
	</size>
	<segmented>0</segmented>
	<object>
		<name>LicensePlate</name>
		<pose>Unspecified</pose>
		<truncated>0</truncated>
		<difficult>0</difficult>
		<occluded>0</occluded>
		<bndbox>
			<xmin>155</xmin>
			<xmax>256</xmax>
			<ymin>396</ymin>
			<ymax>432</ymax>
		</bndbox>
	</object>
</annotation>
