<annotation>
	<folder></folder>
	<filename>car-wbs-KL54A2670_00000_png.rf.dca744fe00bb9a3b3feb8df8955b26ca.jpg</filename>
	<path>car-wbs-KL54A2670_00000_png.rf.dca744fe00bb9a3b3feb8df8955b26ca.jpg</path>
	<source>
		<database>roboflow.com</database>
	</source>
	<size>
		<width>640</width>
		<height>640</height>
		<depth>3</depth>
	</size>
	<segmented>0</segmented>
	<object>
		<name>LicensePlate</name>
		<pose>Unspecified</pose>
		<truncated>0</truncated>
		<difficult>0</difficult>
		<occluded>0</occluded>
		<bndbox>
			<xmin>168</xmin>
			<xmax>426</xmax>
			<ymin>445</ymin>
			<ymax>579</ymax>
		</bndbox>
	</object>
</annotation>
