<annotation>
	<folder></folder>
	<filename>car-wbs-TN58AM1_00000_jpeg.rf.c7c9b66cd7ef78257555d1e7f18d04fb.jpg</filename>
	<path>car-wbs-TN58AM1_00000_jpeg.rf.c7c9b66cd7ef78257555d1e7f18d04fb.jpg</path>
	<source>
		<database>roboflow.com</database>
	</source>
	<size>
		<width>640</width>
		<height>640</height>
		<depth>3</depth>
	</size>
	<segmented>0</segmented>
	<object>
		<name>LicensePlate</name>
		<pose>Unspecified</pose>
		<truncated>0</truncated>
		<difficult>0</difficult>
		<occluded>0</occluded>
		<bndbox>
			<xmin>203</xmin>
			<xmax>444</xmax>
			<ymin>365</ymin>
			<ymax>413</ymax>
		</bndbox>
	</object>
</annotation>
