<annotation>
	<folder></folder>
	<filename>car-wbs-MH03BS7778_00000_jpeg.rf.d46cebf66ad7467de93ee8dba66c7c0e.jpg</filename>
	<path>car-wbs-MH03BS7778_00000_jpeg.rf.d46cebf66ad7467de93ee8dba66c7c0e.jpg</path>
	<source>
		<database>roboflow.com</database>
	</source>
	<size>
		<width>640</width>
		<height>640</height>
		<depth>3</depth>
	</size>
	<segmented>0</segmented>
	<object>
		<name>LicensePlate</name>
		<pose>Unspecified</pose>
		<truncated>0</truncated>
		<difficult>0</difficult>
		<occluded>0</occluded>
		<bndbox>
			<xmin>184</xmin>
			<xmax>527</xmax>
			<ymin>201</ymin>
			<ymax>332</ymax>
		</bndbox>
	</object>
</annotation>
