<annotation>
	<folder></folder>
	<filename>car-wbs-MH14EH7958_00001_jpeg.rf.4cd4fe4935cb0b2430ee928fdf89fc99.jpg</filename>
	<path>car-wbs-MH14EH7958_00001_jpeg.rf.4cd4fe4935cb0b2430ee928fdf89fc99.jpg</path>
	<source>
		<database>roboflow.com</database>
	</source>
	<size>
		<width>640</width>
		<height>640</height>
		<depth>3</depth>
	</size>
	<segmented>0</segmented>
	<object>
		<name>LicensePlate</name>
		<pose>Unspecified</pose>
		<truncated>0</truncated>
		<difficult>0</difficult>
		<occluded>0</occluded>
		<bndbox>
			<xmin>125</xmin>
			<xmax>398</xmax>
			<ymin>279</ymin>
			<ymax>424</ymax>
		</bndbox>
	</object>
</annotation>
