<annotation>
	<folder></folder>
	<filename>car-wbs-TN42R2697_00000_jpg.rf.86d6282198615d1263a6a8d5cc3dac56.jpg</filename>
	<path>car-wbs-TN42R2697_00000_jpg.rf.86d6282198615d1263a6a8d5cc3dac56.jpg</path>
	<source>
		<database>roboflow.com</database>
	</source>
	<size>
		<width>640</width>
		<height>640</height>
		<depth>3</depth>
	</size>
	<segmented>0</segmented>
	<object>
		<name>LicensePlate</name>
		<pose>Unspecified</pose>
		<truncated>0</truncated>
		<difficult>0</difficult>
		<occluded>0</occluded>
		<bndbox>
			<xmin>8</xmin>
			<xmax>640</xmax>
			<ymin>157</ymin>
			<ymax>373</ymax>
		</bndbox>
	</object>
</annotation>
