<annotation>
	<folder></folder>
	<filename>car-wbs-HR26AZ5927_00000_png.rf.2f87b0442370a571f5235449810bf49c.jpg</filename>
	<path>car-wbs-HR26AZ5927_00000_png.rf.2f87b0442370a571f5235449810bf49c.jpg</path>
	<source>
		<database>roboflow.com</database>
	</source>
	<size>
		<width>640</width>
		<height>640</height>
		<depth>3</depth>
	</size>
	<segmented>0</segmented>
	<object>
		<name>LicensePlate</name>
		<pose>Unspecified</pose>
		<truncated>0</truncated>
		<difficult>0</difficult>
		<occluded>0</occluded>
		<bndbox>
			<xmin>256</xmin>
			<xmax>375</xmax>
			<ymin>431</ymin>
			<ymax>473</ymax>
		</bndbox>
	</object>
</annotation>
