<annotation>
	<folder></folder>
	<filename>car-wbs-MH20EE7597_00000_jpeg.rf.0d688256e986526241e5bf3a708e7ee5.jpg</filename>
	<path>car-wbs-MH20EE7597_00000_jpeg.rf.0d688256e986526241e5bf3a708e7ee5.jpg</path>
	<source>
		<database>roboflow.com</database>
	</source>
	<size>
		<width>640</width>
		<height>640</height>
		<depth>3</depth>
	</size>
	<segmented>0</segmented>
	<object>
		<name>LicensePlate</name>
		<pose>Unspecified</pose>
		<truncated>0</truncated>
		<difficult>0</difficult>
		<occluded>0</occluded>
		<bndbox>
			<xmin>147</xmin>
			<xmax>499</xmax>
			<ymin>280</ymin>
			<ymax>365</ymax>
		</bndbox>
	</object>
</annotation>
