<annotation>
	<folder></folder>
	<filename>car-wbs-KA03MG2784_00000_png.rf.d3709f53011fa0de667d4754ed887460.jpg</filename>
	<path>car-wbs-KA03MG2784_00000_png.rf.d3709f53011fa0de667d4754ed887460.jpg</path>
	<source>
		<database>roboflow.com</database>
	</source>
	<size>
		<width>640</width>
		<height>640</height>
		<depth>3</depth>
	</size>
	<segmented>0</segmented>
	<object>
		<name>LicensePlate</name>
		<pose>Unspecified</pose>
		<truncated>0</truncated>
		<difficult>0</difficult>
		<occluded>0</occluded>
		<bndbox>
			<xmin>138</xmin>
			<xmax>495</xmax>
			<ymin>240</ymin>
			<ymax>337</ymax>
		</bndbox>
	</object>
</annotation>
