<annotation>
	<folder></folder>
	<filename>car-wbs-MH20EE7598_00001_jpeg.rf.5ec122ea08d3c5d37de4960b4a492245.jpg</filename>
	<path>car-wbs-MH20EE7598_00001_jpeg.rf.5ec122ea08d3c5d37de4960b4a492245.jpg</path>
	<source>
		<database>roboflow.com</database>
	</source>
	<size>
		<width>640</width>
		<height>640</height>
		<depth>3</depth>
	</size>
	<segmented>0</segmented>
	<object>
		<name>LicensePlate</name>
		<pose>Unspecified</pose>
		<truncated>0</truncated>
		<difficult>0</difficult>
		<occluded>0</occluded>
		<bndbox>
			<xmin>133</xmin>
			<xmax>480</xmax>
			<ymin>460</ymin>
			<ymax>532</ymax>
		</bndbox>
	</object>
</annotation>
