<annotation>
	<folder></folder>
	<filename>car-wbs-MH21V9926_00000_jpg.rf.dd017875bafe1239a1fa52ff6fb0c28b.jpg</filename>
	<path>car-wbs-MH21V9926_00000_jpg.rf.dd017875bafe1239a1fa52ff6fb0c28b.jpg</path>
	<source>
		<database>roboflow.com</database>
	</source>
	<size>
		<width>640</width>
		<height>640</height>
		<depth>3</depth>
	</size>
	<segmented>0</segmented>
	<object>
		<name>LicensePlate</name>
		<pose>Unspecified</pose>
		<truncated>0</truncated>
		<difficult>0</difficult>
		<occluded>0</occluded>
		<bndbox>
			<xmin>193</xmin>
			<xmax>428</xmax>
			<ymin>530</ymin>
			<ymax>573</ymax>
		</bndbox>
	</object>
</annotation>
