<annotation>
	<folder></folder>
	<filename>car-wbs-RJ02CC0784_00000_jpg.rf.9d176baf41752d54c887568867b55796.jpg</filename>
	<path>car-wbs-RJ02CC0784_00000_jpg.rf.9d176baf41752d54c887568867b55796.jpg</path>
	<source>
		<database>roboflow.com</database>
	</source>
	<size>
		<width>640</width>
		<height>640</height>
		<depth>3</depth>
	</size>
	<segmented>0</segmented>
	<object>
		<name>LicensePlate</name>
		<pose>Unspecified</pose>
		<truncated>0</truncated>
		<difficult>0</difficult>
		<occluded>0</occluded>
		<bndbox>
			<xmin>170</xmin>
			<xmax>404</xmax>
			<ymin>522</ymin>
			<ymax>566</ymax>
		</bndbox>
	</object>
</annotation>
