<annotation>
	<folder></folder>
	<filename>car-wbs-KL01CC50_00000_png.rf.865b96b164788651532c245762a751a5.jpg</filename>
	<path>car-wbs-KL01CC50_00000_png.rf.865b96b164788651532c245762a751a5.jpg</path>
	<source>
		<database>roboflow.com</database>
	</source>
	<size>
		<width>640</width>
		<height>640</height>
		<depth>3</depth>
	</size>
	<segmented>0</segmented>
	<object>
		<name>LicensePlate</name>
		<pose>Unspecified</pose>
		<truncated>0</truncated>
		<difficult>0</difficult>
		<occluded>0</occluded>
		<bndbox>
			<xmin>296</xmin>
			<xmax>556</xmax>
			<ymin>220</ymin>
			<ymax>422</ymax>
		</bndbox>
	</object>
</annotation>
