<annotation>
	<folder></folder>
	<filename>car-wbs-TN21AT0479_00000_jpg.rf.44d1c9f2640cc8cac073b8594edf70ce.jpg</filename>
	<path>car-wbs-TN21AT0479_00000_jpg.rf.44d1c9f2640cc8cac073b8594edf70ce.jpg</path>
	<source>
		<database>roboflow.com</database>
	</source>
	<size>
		<width>640</width>
		<height>640</height>
		<depth>3</depth>
	</size>
	<segmented>0</segmented>
	<object>
		<name>LicensePlate</name>
		<pose>Unspecified</pose>
		<truncated>0</truncated>
		<difficult>0</difficult>
		<occluded>0</occluded>
		<bndbox>
			<xmin>419</xmin>
			<xmax>561</xmax>
			<ymin>487</ymin>
			<ymax>526</ymax>
		</bndbox>
	</object>
</annotation>
