<annotation>
	<folder></folder>
	<filename>car-wbs-MH12JC2813_00000_jpeg.rf.92e0979334ce5a8f7a96247f5715bbe2.jpg</filename>
	<path>car-wbs-MH12JC2813_00000_jpeg.rf.92e0979334ce5a8f7a96247f5715bbe2.jpg</path>
	<source>
		<database>roboflow.com</database>
	</source>
	<size>
		<width>640</width>
		<height>640</height>
		<depth>3</depth>
	</size>
	<segmented>0</segmented>
	<object>
		<name>LicensePlate</name>
		<pose>Unspecified</pose>
		<truncated>0</truncated>
		<difficult>0</difficult>
		<occluded>0</occluded>
		<bndbox>
			<xmin>192</xmin>
			<xmax>484</xmax>
			<ymin>389</ymin>
			<ymax>509</ymax>
		</bndbox>
	</object>
</annotation>
