<annotation>
	<folder></folder>
	<filename>car-wbs-MH20EJ0364_00000_png.rf.de9fe5017e46957b792a08cd40d41821.jpg</filename>
	<path>car-wbs-MH20EJ0364_00000_png.rf.de9fe5017e46957b792a08cd40d41821.jpg</path>
	<source>
		<database>roboflow.com</database>
	</source>
	<size>
		<width>640</width>
		<height>640</height>
		<depth>3</depth>
	</size>
	<segmented>0</segmented>
	<object>
		<name>LicensePlate</name>
		<pose>Unspecified</pose>
		<truncated>0</truncated>
		<difficult>0</difficult>
		<occluded>0</occluded>
		<bndbox>
			<xmin>129</xmin>
			<xmax>503</xmax>
			<ymin>395</ymin>
			<ymax>500</ymax>
		</bndbox>
	</object>
</annotation>
