<annotation>
	<folder></folder>
	<filename>car-wbs-KL01CA2555_00000_jpeg.rf.3a16918c1af754dff7a5f59d4328105d.jpg</filename>
	<path>car-wbs-KL01CA2555_00000_jpeg.rf.3a16918c1af754dff7a5f59d4328105d.jpg</path>
	<source>
		<database>roboflow.com</database>
	</source>
	<size>
		<width>640</width>
		<height>640</height>
		<depth>3</depth>
	</size>
	<segmented>0</segmented>
	<object>
		<name>LicensePlate</name>
		<pose>Unspecified</pose>
		<truncated>0</truncated>
		<difficult>0</difficult>
		<occluded>0</occluded>
		<bndbox>
			<xmin>295</xmin>
			<xmax>535</xmax>
			<ymin>290</ymin>
			<ymax>426</ymax>
		</bndbox>
	</object>
</annotation>
