<annotation>
	<folder></folder>
	<filename>car-wbs-UP16CT2233_00000_jpg.rf.5cba9f52073200cbfc6609a7915ecf71.jpg</filename>
	<path>car-wbs-UP16CT2233_00000_jpg.rf.5cba9f52073200cbfc6609a7915ecf71.jpg</path>
	<source>
		<database>roboflow.com</database>
	</source>
	<size>
		<width>640</width>
		<height>640</height>
		<depth>3</depth>
	</size>
	<segmented>0</segmented>
	<object>
		<name>LicensePlate</name>
		<pose>Unspecified</pose>
		<truncated>0</truncated>
		<difficult>0</difficult>
		<occluded>0</occluded>
		<bndbox>
			<xmin>214</xmin>
			<xmax>407</xmax>
			<ymin>570</ymin>
			<ymax>602</ymax>
		</bndbox>
	</object>
</annotation>
