<annotation>
	<folder></folder>
	<filename>car-wbs-UP50AS4535_00000_jpg.rf.f14ee0fa9784dc8d502a0e104e759a27.jpg</filename>
	<path>car-wbs-UP50AS4535_00000_jpg.rf.f14ee0fa9784dc8d502a0e104e759a27.jpg</path>
	<source>
		<database>roboflow.com</database>
	</source>
	<size>
		<width>640</width>
		<height>640</height>
		<depth>3</depth>
	</size>
	<segmented>0</segmented>
	<object>
		<name>LicensePlate</name>
		<pose>Unspecified</pose>
		<truncated>0</truncated>
		<difficult>0</difficult>
		<occluded>0</occluded>
		<bndbox>
			<xmin>265</xmin>
			<xmax>409</xmax>
			<ymin>456</ymin>
			<ymax>521</ymax>
		</bndbox>
	</object>
</annotation>
