<annotation>
	<folder></folder>
	<filename>car-wbs-DL8CX4850_00000_png.rf.f767840d888c8c6420dcf355ed66f158.jpg</filename>
	<path>car-wbs-DL8CX4850_00000_png.rf.f767840d888c8c6420dcf355ed66f158.jpg</path>
	<source>
		<database>roboflow.com</database>
	</source>
	<size>
		<width>640</width>
		<height>640</height>
		<depth>3</depth>
	</size>
	<segmented>0</segmented>
	<object>
		<name>LicensePlate</name>
		<pose>Unspecified</pose>
		<truncated>0</truncated>
		<difficult>0</difficult>
		<occluded>0</occluded>
		<bndbox>
			<xmin>193</xmin>
			<xmax>420</xmax>
			<ymin>421</ymin>
			<ymax>496</ymax>
		</bndbox>
	</object>
</annotation>
