<annotation>
	<folder></folder>
	<filename>car-wbs-HR26BR9044_00000_png.rf.9553c7ae97392552f4f5e311a5d17642.jpg</filename>
	<path>car-wbs-HR26BR9044_00000_png.rf.9553c7ae97392552f4f5e311a5d17642.jpg</path>
	<source>
		<database>roboflow.com</database>
	</source>
	<size>
		<width>640</width>
		<height>640</height>
		<depth>3</depth>
	</size>
	<segmented>0</segmented>
	<object>
		<name>LicensePlate</name>
		<pose>Unspecified</pose>
		<truncated>0</truncated>
		<difficult>0</difficult>
		<occluded>0</occluded>
		<bndbox>
			<xmin>141</xmin>
			<xmax>264</xmax>
			<ymin>262</ymin>
			<ymax>320</ymax>
		</bndbox>
	</object>
</annotation>
