<annotation>
	<folder></folder>
	<filename>car-wbs-TN21BZ0768_00000_png.rf.dd88ea77406936548eae472d4ad6d82a.jpg</filename>
	<path>car-wbs-TN21BZ0768_00000_png.rf.dd88ea77406936548eae472d4ad6d82a.jpg</path>
	<source>
		<database>roboflow.com</database>
	</source>
	<size>
		<width>640</width>
		<height>640</height>
		<depth>3</depth>
	</size>
	<segmented>0</segmented>
	<object>
		<name>LicensePlate</name>
		<pose>Unspecified</pose>
		<truncated>0</truncated>
		<difficult>0</difficult>
		<occluded>0</occluded>
		<bndbox>
			<xmin>308</xmin>
			<xmax>501</xmax>
			<ymin>420</ymin>
			<ymax>472</ymax>
		</bndbox>
	</object>
</annotation>
