<annotation>
	<folder></folder>
	<filename>car-wbs-HR26BC5514_00001_png.rf.2244a1e9610759fcb1f5e02cc6c7bc7e.jpg</filename>
	<path>car-wbs-HR26BC5514_00001_png.rf.2244a1e9610759fcb1f5e02cc6c7bc7e.jpg</path>
	<source>
		<database>roboflow.com</database>
	</source>
	<size>
		<width>640</width>
		<height>640</height>
		<depth>3</depth>
	</size>
	<segmented>0</segmented>
	<object>
		<name>LicensePlate</name>
		<pose>Unspecified</pose>
		<truncated>0</truncated>
		<difficult>0</difficult>
		<occluded>0</occluded>
		<bndbox>
			<xmin>254</xmin>
			<xmax>379</xmax>
			<ymin>470</ymin>
			<ymax>509</ymax>
		</bndbox>
	</object>
</annotation>
