<annotation>
	<folder></folder>
	<filename>car-wbs-MH12NE8922_00000_png.rf.7d9197f10c5a6135f738155ec5e9e673.jpg</filename>
	<path>car-wbs-MH12NE8922_00000_png.rf.7d9197f10c5a6135f738155ec5e9e673.jpg</path>
	<source>
		<database>roboflow.com</database>
	</source>
	<size>
		<width>640</width>
		<height>640</height>
		<depth>3</depth>
	</size>
	<segmented>0</segmented>
	<object>
		<name>LicensePlate</name>
		<pose>Unspecified</pose>
		<truncated>0</truncated>
		<difficult>0</difficult>
		<occluded>0</occluded>
		<bndbox>
			<xmin>124</xmin>
			<xmax>451</xmax>
			<ymin>295</ymin>
			<ymax>383</ymax>
		</bndbox>
	</object>
</annotation>
