<annotation>
	<folder></folder>
	<filename>car-wbs-KL10AW2814_00000_jpeg.rf.c033c3595bd2038f8e0c301591089dc6.jpg</filename>
	<path>car-wbs-KL10AW2814_00000_jpeg.rf.c033c3595bd2038f8e0c301591089dc6.jpg</path>
	<source>
		<database>roboflow.com</database>
	</source>
	<size>
		<width>640</width>
		<height>640</height>
		<depth>3</depth>
	</size>
	<segmented>0</segmented>
	<object>
		<name>LicensePlate</name>
		<pose>Unspecified</pose>
		<truncated>0</truncated>
		<difficult>0</difficult>
		<occluded>0</occluded>
		<bndbox>
			<xmin>208</xmin>
			<xmax>460</xmax>
			<ymin>290</ymin>
			<ymax>383</ymax>
		</bndbox>
	</object>
</annotation>
