<annotation>
	<folder></folder>
	<filename>cbd81ff4-fc2a-4cd5-bed6-0fef4c456caa___226616d1495986750-zoomcar-review-mahindra-scorpio-s4-09-pamban-jpg_jpeg.rf.d6714ff1761cfb29b32dda9ed694db40.jpg</filename>
	<path>cbd81ff4-fc2a-4cd5-bed6-0fef4c456caa___226616d1495986750-zoomcar-review-mahindra-scorpio-s4-09-pamban-jpg_jpeg.rf.d6714ff1761cfb29b32dda9ed694db40.jpg</path>
	<source>
		<database>roboflow.com</database>
	</source>
	<size>
		<width>640</width>
		<height>640</height>
		<depth>3</depth>
	</size>
	<segmented>0</segmented>
	<object>
		<name>LicensePlate</name>
		<pose>Unspecified</pose>
		<truncated>0</truncated>
		<difficult>0</difficult>
		<occluded>0</occluded>
		<bndbox>
			<xmin>213</xmin>
			<xmax>287</xmax>
			<ymin>351</ymin>
			<ymax>397</ymax>
		</bndbox>
	</object>
</annotation>
