<annotation>
	<folder></folder>
	<filename>cc80e5c6-2cb7-40f7-a072-3f4cb5a56c65___Dileep_Car_Innova_1-jpg_jpeg.rf.8a5c3054cfb91cf187ec3f4639451892.jpg</filename>
	<path>cc80e5c6-2cb7-40f7-a072-3f4cb5a56c65___Dileep_Car_Innova_1-jpg_jpeg.rf.8a5c3054cfb91cf187ec3f4639451892.jpg</path>
	<source>
		<database>roboflow.com</database>
	</source>
	<size>
		<width>640</width>
		<height>640</height>
		<depth>3</depth>
	</size>
	<segmented>0</segmented>
	<object>
		<name>LicensePlate</name>
		<pose>Unspecified</pose>
		<truncated>0</truncated>
		<difficult>0</difficult>
		<occluded>0</occluded>
		<bndbox>
			<xmin>227</xmin>
			<xmax>478</xmax>
			<ymin>306</ymin>
			<ymax>376</ymax>
		</bndbox>
	</object>
</annotation>
