<annotation>
	<folder></folder>
	<filename>cf011553-f802-4b11-99ec-6e03d731b646___new_2014-VW-Polo-facelift-spied-India-rear-jpg_jpeg.rf.d8d0659cf903798ee2df49b236ec2c11.jpg</filename>
	<path>cf011553-f802-4b11-99ec-6e03d731b646___new_2014-VW-Polo-facelift-spied-India-rear-jpg_jpeg.rf.d8d0659cf903798ee2df49b236ec2c11.jpg</path>
	<source>
		<database>roboflow.com</database>
	</source>
	<size>
		<width>640</width>
		<height>640</height>
		<depth>3</depth>
	</size>
	<segmented>0</segmented>
	<object>
		<name>LicensePlate</name>
		<pose>Unspecified</pose>
		<truncated>0</truncated>
		<difficult>0</difficult>
		<occluded>0</occluded>
		<bndbox>
			<xmin>252</xmin>
			<xmax>480</xmax>
			<ymin>457</ymin>
			<ymax>510</ymax>
		</bndbox>
	</object>
</annotation>
