<annotation>
	<folder></folder>
	<filename>d1115e64-987f-4a72-b9bb-853f67ca37b6___new_2014-Volkswagen-Polo-Review-jpg_jpeg.rf.142aaa5c16ba74825690b1e032b9cc63.jpg</filename>
	<path>d1115e64-987f-4a72-b9bb-853f67ca37b6___new_2014-Volkswagen-Polo-Review-jpg_jpeg.rf.142aaa5c16ba74825690b1e032b9cc63.jpg</path>
	<source>
		<database>roboflow.com</database>
	</source>
	<size>
		<width>640</width>
		<height>640</height>
		<depth>3</depth>
	</size>
	<segmented>0</segmented>
	<object>
		<name>LicensePlate</name>
		<pose>Unspecified</pose>
		<truncated>0</truncated>
		<difficult>0</difficult>
		<occluded>0</occluded>
		<bndbox>
			<xmin>203</xmin>
			<xmax>421</xmax>
			<ymin>468</ymin>
			<ymax>536</ymax>
		</bndbox>
	</object>
</annotation>
