<annotation>
	<folder></folder>
	<filename>d3d2cbaa-f24a-4cb7-a236-53fa514816b4___new_2017-Skoda-Rapid-Diesel-DSG-Review-6-jpg_jpeg.rf.69b57266c51cf8402760c22c0d45f887.jpg</filename>
	<path>d3d2cbaa-f24a-4cb7-a236-53fa514816b4___new_2017-Skoda-Rapid-Diesel-DSG-Review-6-jpg_jpeg.rf.69b57266c51cf8402760c22c0d45f887.jpg</path>
	<source>
		<database>roboflow.com</database>
	</source>
	<size>
		<width>640</width>
		<height>640</height>
		<depth>3</depth>
	</size>
	<segmented>0</segmented>
	<object>
		<name>LicensePlate</name>
		<pose>Unspecified</pose>
		<truncated>0</truncated>
		<difficult>0</difficult>
		<occluded>0</occluded>
		<bndbox>
			<xmin>312</xmin>
			<xmax>484</xmax>
			<ymin>216</ymin>
			<ymax>283</ymax>
		</bndbox>
	</object>
</annotation>
