<annotation>
	<folder></folder>
	<filename>d4bec046-caac-4e59-bd05-44de2232d83b___2017-Skoda-Octavia-Front-jpg_jpeg.rf.fb78407bfff26b2ff078e390d032b28d.jpg</filename>
	<path>d4bec046-caac-4e59-bd05-44de2232d83b___2017-Skoda-Octavia-Front-jpg_jpeg.rf.fb78407bfff26b2ff078e390d032b28d.jpg</path>
	<source>
		<database>roboflow.com</database>
	</source>
	<size>
		<width>640</width>
		<height>640</height>
		<depth>3</depth>
	</size>
	<segmented>0</segmented>
	<object>
		<name>LicensePlate</name>
		<pose>Unspecified</pose>
		<truncated>0</truncated>
		<difficult>0</difficult>
		<occluded>0</occluded>
		<bndbox>
			<xmin>344</xmin>
			<xmax>552</xmax>
			<ymin>339</ymin>
			<ymax>441</ymax>
		</bndbox>
	</object>
</annotation>
