<annotation>
	<folder></folder>
	<filename>d88b7b9c-a4f4-4af6-af3d-b3017e114e0d___146292-maruti-suzuki-wagon-r-stingray-vxi-ownership-review-dsc_01691-jpg_jpeg.rf.50ce53e5dcd1a3d765d734b2bccb5b6c.jpg</filename>
	<path>d88b7b9c-a4f4-4af6-af3d-b3017e114e0d___146292-maruti-suzuki-wagon-r-stingray-vxi-ownership-review-dsc_01691-jpg_jpeg.rf.50ce53e5dcd1a3d765d734b2bccb5b6c.jpg</path>
	<source>
		<database>roboflow.com</database>
	</source>
	<size>
		<width>640</width>
		<height>640</height>
		<depth>3</depth>
	</size>
	<segmented>0</segmented>
	<object>
		<name>LicensePlate</name>
		<pose>Unspecified</pose>
		<truncated>0</truncated>
		<difficult>0</difficult>
		<occluded>0</occluded>
		<bndbox>
			<xmin>180</xmin>
			<xmax>444</xmax>
			<ymin>372</ymin>
			<ymax>473</ymax>
		</bndbox>
	</object>
</annotation>
