<annotation>
	<folder></folder>
	<filename>d9023f53-f90d-4b98-bd52-30796777ddcf___Maruti-Suzuki-Baleno-hatchback-56545-jpg_jpeg.rf.1411154583b65ce82f77ba873305e30c.jpg</filename>
	<path>d9023f53-f90d-4b98-bd52-30796777ddcf___Maruti-Suzuki-Baleno-hatchback-56545-jpg_jpeg.rf.1411154583b65ce82f77ba873305e30c.jpg</path>
	<source>
		<database>roboflow.com</database>
	</source>
	<size>
		<width>640</width>
		<height>640</height>
		<depth>3</depth>
	</size>
	<segmented>0</segmented>
	<object>
		<name>LicensePlate</name>
		<pose>Unspecified</pose>
		<truncated>0</truncated>
		<difficult>0</difficult>
		<occluded>0</occluded>
		<bndbox>
			<xmin>368</xmin>
			<xmax>504</xmax>
			<ymin>372</ymin>
			<ymax>435</ymax>
		</bndbox>
	</object>
</annotation>
