<annotation>
	<folder></folder>
	<filename>dd58e02d-51a5-4bfd-87af-ff51c576086e___2014-mahindra-scorpio-suv-10-jpg_jpeg.rf.51a1736c68885300e2f5ca47735dca73.jpg</filename>
	<path>dd58e02d-51a5-4bfd-87af-ff51c576086e___2014-mahindra-scorpio-suv-10-jpg_jpeg.rf.51a1736c68885300e2f5ca47735dca73.jpg</path>
	<source>
		<database>roboflow.com</database>
	</source>
	<size>
		<width>640</width>
		<height>640</height>
		<depth>3</depth>
	</size>
	<segmented>0</segmented>
	<object>
		<name>LicensePlate</name>
		<pose>Unspecified</pose>
		<truncated>0</truncated>
		<difficult>0</difficult>
		<occluded>0</occluded>
		<bndbox>
			<xmin>345</xmin>
			<xmax>449</xmax>
			<ymin>365</ymin>
			<ymax>439</ymax>
		</bndbox>
	</object>
</annotation>
