<annotation>
	<folder></folder>
	<filename>df2f7a76-d701-468f-b54a-c5d63d13b349___CM-Akhilesh-Number-Plate-jpg_jpeg.rf.82214341a3ff03488a244dc7abcb2fe0.jpg</filename>
	<path>df2f7a76-d701-468f-b54a-c5d63d13b349___CM-Akhilesh-Number-Plate-jpg_jpeg.rf.82214341a3ff03488a244dc7abcb2fe0.jpg</path>
	<source>
		<database>roboflow.com</database>
	</source>
	<size>
		<width>640</width>
		<height>640</height>
		<depth>3</depth>
	</size>
	<segmented>0</segmented>
	<object>
		<name>LicensePlate</name>
		<pose>Unspecified</pose>
		<truncated>0</truncated>
		<difficult>0</difficult>
		<occluded>0</occluded>
		<bndbox>
			<xmin>193</xmin>
			<xmax>355</xmax>
			<ymin>218</ymin>
			<ymax>302</ymax>
		</bndbox>
	</object>
</annotation>
