<annotation>
	<folder></folder>
	<filename>dfafd4ef-5592-41d9-9cbb-fa6a4e03831e___IMG_9082-jpg_jpeg.rf.6f6fa4a379a613b40e92e7b9dfb938da.jpg</filename>
	<path>dfafd4ef-5592-41d9-9cbb-fa6a4e03831e___IMG_9082-jpg_jpeg.rf.6f6fa4a379a613b40e92e7b9dfb938da.jpg</path>
	<source>
		<database>roboflow.com</database>
	</source>
	<size>
		<width>640</width>
		<height>640</height>
		<depth>3</depth>
	</size>
	<segmented>0</segmented>
	<object>
		<name>LicensePlate</name>
		<pose>Unspecified</pose>
		<truncated>0</truncated>
		<difficult>0</difficult>
		<occluded>0</occluded>
		<bndbox>
			<xmin>212</xmin>
			<xmax>639</xmax>
			<ymin>166</ymin>
			<ymax>346</ymax>
		</bndbox>
	</object>
</annotation>
