<annotation>
	<folder></folder>
	<filename>dfedf2ad-6596-48d4-a7f6-171e55c8f637___1160575d1383218860-high-security-registration-plates-hsrp-india-wp_20131030_16_01_22_pro-jpg_jpeg.rf.15936aa12f74eb3b8ed962b60cce15e4.jpg</filename>
	<path>dfedf2ad-6596-48d4-a7f6-171e55c8f637___1160575d1383218860-high-security-registration-plates-hsrp-india-wp_20131030_16_01_22_pro-jpg_jpeg.rf.15936aa12f74eb3b8ed962b60cce15e4.jpg</path>
	<source>
		<database>roboflow.com</database>
	</source>
	<size>
		<width>640</width>
		<height>640</height>
		<depth>3</depth>
	</size>
	<segmented>0</segmented>
	<object>
		<name>LicensePlate</name>
		<pose>Unspecified</pose>
		<truncated>0</truncated>
		<difficult>0</difficult>
		<occluded>0</occluded>
		<bndbox>
			<xmin>268</xmin>
			<xmax>367</xmax>
			<ymin>264</ymin>
			<ymax>405</ymax>
		</bndbox>
	</object>
</annotation>
