<annotation>
	<folder></folder>
	<filename>e1d7921f-5e58-46c7-b4f9-9fd4585508f1___IMG_9072-jpg_jpeg.rf.c96a92cd96008d17381e3f317215e994.jpg</filename>
	<path>e1d7921f-5e58-46c7-b4f9-9fd4585508f1___IMG_9072-jpg_jpeg.rf.c96a92cd96008d17381e3f317215e994.jpg</path>
	<source>
		<database>roboflow.com</database>
	</source>
	<size>
		<width>640</width>
		<height>640</height>
		<depth>3</depth>
	</size>
	<segmented>0</segmented>
	<object>
		<name>LicensePlate</name>
		<pose>Unspecified</pose>
		<truncated>0</truncated>
		<difficult>0</difficult>
		<occluded>0</occluded>
		<bndbox>
			<xmin>444</xmin>
			<xmax>640</xmax>
			<ymin>302</ymin>
			<ymax>399</ymax>
		</bndbox>
	</object>
</annotation>
