<annotation>
	<folder></folder>
	<filename>e354039f-d73c-4f12-9df5-f0129345fa79___scorpio-JPG_jpeg.rf.a5e4ed9510cff7c8271954c23c82d224.jpg</filename>
	<path>e354039f-d73c-4f12-9df5-f0129345fa79___scorpio-JPG_jpeg.rf.a5e4ed9510cff7c8271954c23c82d224.jpg</path>
	<source>
		<database>roboflow.com</database>
	</source>
	<size>
		<width>640</width>
		<height>640</height>
		<depth>3</depth>
	</size>
	<segmented>0</segmented>
	<object>
		<name>LicensePlate</name>
		<pose>Unspecified</pose>
		<truncated>0</truncated>
		<difficult>0</difficult>
		<occluded>0</occluded>
		<bndbox>
			<xmin>243</xmin>
			<xmax>403</xmax>
			<ymin>413</ymin>
			<ymax>464</ymax>
		</bndbox>
	</object>
</annotation>
