<annotation>
	<folder></folder>
	<filename>e53076d3-c3b7-47b8-8c63-30a08b8ad983___40213__Maruti_Suzuki_Swift-016-JPG_jpeg.rf.44e74ad42958ac6f65ec44b4f1123993.jpg</filename>
	<path>e53076d3-c3b7-47b8-8c63-30a08b8ad983___40213__Maruti_Suzuki_Swift-016-JPG_jpeg.rf.44e74ad42958ac6f65ec44b4f1123993.jpg</path>
	<source>
		<database>roboflow.com</database>
	</source>
	<size>
		<width>640</width>
		<height>640</height>
		<depth>3</depth>
	</size>
	<segmented>0</segmented>
	<object>
		<name>LicensePlate</name>
		<pose>Unspecified</pose>
		<truncated>0</truncated>
		<difficult>0</difficult>
		<occluded>0</occluded>
		<bndbox>
			<xmin>205</xmin>
			<xmax>424</xmax>
			<ymin>476</ymin>
			<ymax>549</ymax>
		</bndbox>
	</object>
</annotation>
