<annotation>
	<folder></folder>
	<filename>e719f39b-e8dd-4fe0-9a41-71123932a486___226676869_4_1000x700_maruti-suzuki-wagon-r-duo-petrol-120000-kms-2007-year-cars_rev001-jpg_jpeg.rf.165eeb634648ea85a4f5368d65cc9769.jpg</filename>
	<path>e719f39b-e8dd-4fe0-9a41-71123932a486___226676869_4_1000x700_maruti-suzuki-wagon-r-duo-petrol-120000-kms-2007-year-cars_rev001-jpg_jpeg.rf.165eeb634648ea85a4f5368d65cc9769.jpg</path>
	<source>
		<database>roboflow.com</database>
	</source>
	<size>
		<width>640</width>
		<height>640</height>
		<depth>3</depth>
	</size>
	<segmented>0</segmented>
	<object>
		<name>LicensePlate</name>
		<pose>Unspecified</pose>
		<truncated>0</truncated>
		<difficult>0</difficult>
		<occluded>0</occluded>
		<bndbox>
			<xmin>207</xmin>
			<xmax>428</xmax>
			<ymin>318</ymin>
			<ymax>374</ymax>
		</bndbox>
	</object>
</annotation>
