<annotation>
	<folder></folder>
	<filename>e750b959-1b5a-41bf-bf64-d8099089e909___3e7fd381-0ae5-4421-8a70-279ee0ec1c61_Nissan-Terrano-Duster-launch-dare-pics-price-interiors-images-1_jpg.rf.f2d335d8c021809314d2de4a5d233701.jpg</filename>
	<path>e750b959-1b5a-41bf-bf64-d8099089e909___3e7fd381-0ae5-4421-8a70-279ee0ec1c61_Nissan-Terrano-Duster-launch-dare-pics-price-interiors-images-1_jpg.rf.f2d335d8c021809314d2de4a5d233701.jpg</path>
	<source>
		<database>roboflow.com</database>
	</source>
	<size>
		<width>640</width>
		<height>640</height>
		<depth>3</depth>
	</size>
	<segmented>0</segmented>
	<object>
		<name>LicensePlate</name>
		<pose>Unspecified</pose>
		<truncated>0</truncated>
		<difficult>0</difficult>
		<occluded>0</occluded>
		<bndbox>
			<xmin>189</xmin>
			<xmax>353</xmax>
			<ymin>294</ymin>
			<ymax>359</ymax>
		</bndbox>
	</object>
</annotation>
