<annotation>
	<folder></folder>
	<filename>e77e5db3-2bc6-4223-a258-2334256be65e___new_205356-maruti-swift-torque-blue-vdi-ddis-glistening-rockstar-enters-home-img_7531-jpg_jpeg.rf.8cd235f38b6ad59c9e8674ae50019466.jpg</filename>
	<path>e77e5db3-2bc6-4223-a258-2334256be65e___new_205356-maruti-swift-torque-blue-vdi-ddis-glistening-rockstar-enters-home-img_7531-jpg_jpeg.rf.8cd235f38b6ad59c9e8674ae50019466.jpg</path>
	<source>
		<database>roboflow.com</database>
	</source>
	<size>
		<width>640</width>
		<height>640</height>
		<depth>3</depth>
	</size>
	<segmented>0</segmented>
	<object>
		<name>LicensePlate</name>
		<pose>Unspecified</pose>
		<truncated>0</truncated>
		<difficult>0</difficult>
		<occluded>0</occluded>
		<bndbox>
			<xmin>163</xmin>
			<xmax>534</xmax>
			<ymin>292</ymin>
			<ymax>438</ymax>
		</bndbox>
	</object>
</annotation>
