<annotation>
	<folder></folder>
	<filename>ed6ee171-691a-4563-a79d-4f47d8ce9f85___Maruti-Suzuki-SCross-Exterior-80675-jpg_jpeg.rf.0ae522176cc1b27ed8eaab20f50f8f03.jpg</filename>
	<path>ed6ee171-691a-4563-a79d-4f47d8ce9f85___Maruti-Suzuki-SCross-Exterior-80675-jpg_jpeg.rf.0ae522176cc1b27ed8eaab20f50f8f03.jpg</path>
	<source>
		<database>roboflow.com</database>
	</source>
	<size>
		<width>640</width>
		<height>640</height>
		<depth>3</depth>
	</size>
	<segmented>0</segmented>
	<object>
		<name>LicensePlate</name>
		<pose>Unspecified</pose>
		<truncated>0</truncated>
		<difficult>0</difficult>
		<occluded>0</occluded>
		<bndbox>
			<xmin>132</xmin>
			<xmax>427</xmax>
			<ymin>512</ymin>
			<ymax>628</ymax>
		</bndbox>
	</object>
</annotation>
