<annotation>
	<folder></folder>
	<filename>f16274c4-0d3d-4c85-9dcc-5ac71734b281___speedex-number-plates-nandanam-chennai-car-number-plate-dealers-1ofla74-jpg_jpeg.rf.b9f25b702d621132f1932ede9d064893.jpg</filename>
	<path>f16274c4-0d3d-4c85-9dcc-5ac71734b281___speedex-number-plates-nandanam-chennai-car-number-plate-dealers-1ofla74-jpg_jpeg.rf.b9f25b702d621132f1932ede9d064893.jpg</path>
	<source>
		<database>roboflow.com</database>
	</source>
	<size>
		<width>640</width>
		<height>640</height>
		<depth>3</depth>
	</size>
	<segmented>0</segmented>
	<object>
		<name>LicensePlate</name>
		<pose>Unspecified</pose>
		<truncated>0</truncated>
		<difficult>0</difficult>
		<occluded>0</occluded>
		<bndbox>
			<xmin>166</xmin>
			<xmax>533</xmax>
			<ymin>288</ymin>
			<ymax>433</ymax>
		</bndbox>
	</object>
</annotation>
