<annotation>
	<folder></folder>
	<filename>f20708c6-14cd-46ff-b8f1-6faef5fd8d2d___3e7fd381-0ae5-4421-8a70-279ee0ec1c61_Nissan-Terrano-20346_jpg.rf.3ba19cd547dd5652ffa09f59ef13c2ab.jpg</filename>
	<path>f20708c6-14cd-46ff-b8f1-6faef5fd8d2d___3e7fd381-0ae5-4421-8a70-279ee0ec1c61_Nissan-Terrano-20346_jpg.rf.3ba19cd547dd5652ffa09f59ef13c2ab.jpg</path>
	<source>
		<database>roboflow.com</database>
	</source>
	<size>
		<width>640</width>
		<height>640</height>
		<depth>3</depth>
	</size>
	<segmented>0</segmented>
	<object>
		<name>LicensePlate</name>
		<pose>Unspecified</pose>
		<truncated>0</truncated>
		<difficult>0</difficult>
		<occluded>0</occluded>
		<bndbox>
			<xmin>163</xmin>
			<xmax>440</xmax>
			<ymin>367</ymin>
			<ymax>473</ymax>
		</bndbox>
	</object>
</annotation>
