<annotation>
	<folder></folder>
	<filename>f265077a-611f-4a18-abe5-46518b1756e6___1232700-take-look-number-plate-uploadfromtaptalk1398055489406-jpg_jpeg.rf.559d665efb6b277e8e90aa630973e35a.jpg</filename>
	<path>f265077a-611f-4a18-abe5-46518b1756e6___1232700-take-look-number-plate-uploadfromtaptalk1398055489406-jpg_jpeg.rf.559d665efb6b277e8e90aa630973e35a.jpg</path>
	<source>
		<database>roboflow.com</database>
	</source>
	<size>
		<width>640</width>
		<height>640</height>
		<depth>3</depth>
	</size>
	<segmented>0</segmented>
	<object>
		<name>LicensePlate</name>
		<pose>Unspecified</pose>
		<truncated>0</truncated>
		<difficult>0</difficult>
		<occluded>0</occluded>
		<bndbox>
			<xmin>224</xmin>
			<xmax>310</xmax>
			<ymin>312</ymin>
			<ymax>360</ymax>
		</bndbox>
	</object>
</annotation>
