<annotation>
	<folder></folder>
	<filename>f5bbb8da-dddd-47ae-a46c-15492f9cf752___3e7fd381-0ae5-4421-8a70-279ee0ec1c61_10187746544_0c0822790e-Copy_jpg.rf.160b397b02337ccf0d4537a5921b4582.jpg</filename>
	<path>f5bbb8da-dddd-47ae-a46c-15492f9cf752___3e7fd381-0ae5-4421-8a70-279ee0ec1c61_10187746544_0c0822790e-Copy_jpg.rf.160b397b02337ccf0d4537a5921b4582.jpg</path>
	<source>
		<database>roboflow.com</database>
	</source>
	<size>
		<width>640</width>
		<height>640</height>
		<depth>3</depth>
	</size>
	<segmented>0</segmented>
	<object>
		<name>LicensePlate</name>
		<pose>Unspecified</pose>
		<truncated>0</truncated>
		<difficult>0</difficult>
		<occluded>0</occluded>
		<bndbox>
			<xmin>282</xmin>
			<xmax>421</xmax>
			<ymin>355</ymin>
			<ymax>378</ymax>
		</bndbox>
	</object>
</annotation>
