<annotation>
	<folder></folder>
	<filename>f685e6cf-3a12-42ac-94d7-28cdf129b266___maxresdefault1-jpg_jpeg.rf.0fe907f7d956aa7f06e1fa9aabf16660.jpg</filename>
	<path>f685e6cf-3a12-42ac-94d7-28cdf129b266___maxresdefault1-jpg_jpeg.rf.0fe907f7d956aa7f06e1fa9aabf16660.jpg</path>
	<source>
		<database>roboflow.com</database>
	</source>
	<size>
		<width>640</width>
		<height>640</height>
		<depth>3</depth>
	</size>
	<segmented>0</segmented>
	<object>
		<name>LicensePlate</name>
		<pose>Unspecified</pose>
		<truncated>0</truncated>
		<difficult>0</difficult>
		<occluded>0</occluded>
		<bndbox>
			<xmin>23</xmin>
			<xmax>531</xmax>
			<ymin>23</ymin>
			<ymax>582</ymax>
		</bndbox>
	</object>
</annotation>
