<annotation>
	<folder></folder>
	<filename>f8a992cc-a1cc-4d68-88c1-bec1a46fc148___Honda-City-Number-Plates-Design-jpg_jpeg.rf.edbde1b1a4353b4a10a5e85cac31b058.jpg</filename>
	<path>f8a992cc-a1cc-4d68-88c1-bec1a46fc148___Honda-City-Number-Plates-Design-jpg_jpeg.rf.edbde1b1a4353b4a10a5e85cac31b058.jpg</path>
	<source>
		<database>roboflow.com</database>
	</source>
	<size>
		<width>640</width>
		<height>640</height>
		<depth>3</depth>
	</size>
	<segmented>0</segmented>
	<object>
		<name>LicensePlate</name>
		<pose>Unspecified</pose>
		<truncated>0</truncated>
		<difficult>0</difficult>
		<occluded>0</occluded>
		<bndbox>
			<xmin>208</xmin>
			<xmax>442</xmax>
			<ymin>442</ymin>
			<ymax>508</ymax>
		</bndbox>
	</object>
</annotation>
