<annotation>
	<folder></folder>
	<filename>f9e27b82-9e65-44ba-bf9a-b3ced8901937___Skoda-Superb-Exterior-deadfront-69204-jpg_jpeg.rf.88bc9cbfbdc248d0a75d155623d8e048.jpg</filename>
	<path>f9e27b82-9e65-44ba-bf9a-b3ced8901937___Skoda-Superb-Exterior-deadfront-69204-jpg_jpeg.rf.88bc9cbfbdc248d0a75d155623d8e048.jpg</path>
	<source>
		<database>roboflow.com</database>
	</source>
	<size>
		<width>640</width>
		<height>640</height>
		<depth>3</depth>
	</size>
	<segmented>0</segmented>
	<object>
		<name>LicensePlate</name>
		<pose>Unspecified</pose>
		<truncated>0</truncated>
		<difficult>0</difficult>
		<occluded>0</occluded>
		<bndbox>
			<xmin>215</xmin>
			<xmax>415</xmax>
			<ymin>362</ymin>
			<ymax>426</ymax>
		</bndbox>
	</object>
</annotation>
