<annotation>
	<folder></folder>
	<filename>fac9f4e6-c4b9-4872-86da-79d58ea2adc5___5273-jpg_jpeg.rf.487ee557877599d4756ac7b192bc4414.jpg</filename>
	<path>fac9f4e6-c4b9-4872-86da-79d58ea2adc5___5273-jpg_jpeg.rf.487ee557877599d4756ac7b192bc4414.jpg</path>
	<source>
		<database>roboflow.com</database>
	</source>
	<size>
		<width>640</width>
		<height>640</height>
		<depth>3</depth>
	</size>
	<segmented>0</segmented>
	<object>
		<name>LicensePlate</name>
		<pose>Unspecified</pose>
		<truncated>0</truncated>
		<difficult>0</difficult>
		<occluded>0</occluded>
		<bndbox>
			<xmin>286</xmin>
			<xmax>441</xmax>
			<ymin>291</ymin>
			<ymax>332</ymax>
		</bndbox>
	</object>
</annotation>
