<annotation>
	<folder></folder>
	<filename>fbb2b3ed-4db1-4d4c-8d4d-4b80b02bfd2a___3e7fd381-0ae5-4421-8a70-279ee0ec1c61_01640f5edbbfb564a9ab6486b31d1554_large_jpg.rf.c774960f7512d78a3fb1adf75cbcc01a.jpg</filename>
	<path>fbb2b3ed-4db1-4d4c-8d4d-4b80b02bfd2a___3e7fd381-0ae5-4421-8a70-279ee0ec1c61_01640f5edbbfb564a9ab6486b31d1554_large_jpg.rf.c774960f7512d78a3fb1adf75cbcc01a.jpg</path>
	<source>
		<database>roboflow.com</database>
	</source>
	<size>
		<width>640</width>
		<height>640</height>
		<depth>3</depth>
	</size>
	<segmented>0</segmented>
	<object>
		<name>LicensePlate</name>
		<pose>Unspecified</pose>
		<truncated>0</truncated>
		<difficult>0</difficult>
		<occluded>0</occluded>
		<bndbox>
			<xmin>289</xmin>
			<xmax>437</xmax>
			<ymin>176</ymin>
			<ymax>198</ymax>
		</bndbox>
	</object>
</annotation>
