<annotation>
	<folder></folder>
	<filename>fbc107b7-13d8-4a2d-b8be-7c96bd7d609c___new_9214a754343030395508e104d7948167_large-jpg_jpeg.rf.3a343cfdbedd811fc688c5c4e6968c75.jpg</filename>
	<path>fbc107b7-13d8-4a2d-b8be-7c96bd7d609c___new_9214a754343030395508e104d7948167_large-jpg_jpeg.rf.3a343cfdbedd811fc688c5c4e6968c75.jpg</path>
	<source>
		<database>roboflow.com</database>
	</source>
	<size>
		<width>640</width>
		<height>640</height>
		<depth>3</depth>
	</size>
	<segmented>0</segmented>
	<object>
		<name>LicensePlate</name>
		<pose>Unspecified</pose>
		<truncated>0</truncated>
		<difficult>0</difficult>
		<occluded>0</occluded>
		<bndbox>
			<xmin>159</xmin>
			<xmax>417</xmax>
			<ymin>493</ymin>
			<ymax>550</ymax>
		</bndbox>
	</object>
</annotation>
