<annotation>
	<folder></folder>
	<filename>fc1f58f0-2f54-4545-8915-2936d08dcce1___new_Skoda_Laura_DSG_Long_Term_Review-125-jpg_jpeg.rf.b05717f17197fe59b118b044eb691de7.jpg</filename>
	<path>fc1f58f0-2f54-4545-8915-2936d08dcce1___new_Skoda_Laura_DSG_Long_Term_Review-125-jpg_jpeg.rf.b05717f17197fe59b118b044eb691de7.jpg</path>
	<source>
		<database>roboflow.com</database>
	</source>
	<size>
		<width>640</width>
		<height>640</height>
		<depth>3</depth>
	</size>
	<segmented>0</segmented>
	<object>
		<name>LicensePlate</name>
		<pose>Unspecified</pose>
		<truncated>0</truncated>
		<difficult>0</difficult>
		<occluded>0</occluded>
		<bndbox>
			<xmin>229</xmin>
			<xmax>450</xmax>
			<ymin>411</ymin>
			<ymax>479</ymax>
		</bndbox>
	</object>
</annotation>
