<annotation>
	<folder></folder>
	<filename>fd0140cc-e887-43b8-a439-24877ea77670___Maruti-Suzuki-Baleno-Number-Plates-Design-jpg_jpeg.rf.cfcb52e4a9c2b1f3138f9b3a2434770b.jpg</filename>
	<path>fd0140cc-e887-43b8-a439-24877ea77670___Maruti-Suzuki-Baleno-Number-Plates-Design-jpg_jpeg.rf.cfcb52e4a9c2b1f3138f9b3a2434770b.jpg</path>
	<source>
		<database>roboflow.com</database>
	</source>
	<size>
		<width>640</width>
		<height>640</height>
		<depth>3</depth>
	</size>
	<segmented>0</segmented>
	<object>
		<name>LicensePlate</name>
		<pose>Unspecified</pose>
		<truncated>0</truncated>
		<difficult>0</difficult>
		<occluded>0</occluded>
		<bndbox>
			<xmin>192</xmin>
			<xmax>473</xmax>
			<ymin>305</ymin>
			<ymax>440</ymax>
		</bndbox>
	</object>
</annotation>
