<annotation>
	<folder></folder>
	<filename>fda5760a-c6ff-43a9-8ce7-61e808f109ea___3e7fd381-0ae5-4421-8a70-279ee0ec1c61_nissan_terrano_ii_nissan_terrano_ii_2_7_tdi_se_4x4_3330085523722771900_jpg.rf.dd84a0cfd33ca06352ad7cb419a424fa.jpg</filename>
	<path>fda5760a-c6ff-43a9-8ce7-61e808f109ea___3e7fd381-0ae5-4421-8a70-279ee0ec1c61_nissan_terrano_ii_nissan_terrano_ii_2_7_tdi_se_4x4_3330085523722771900_jpg.rf.dd84a0cfd33ca06352ad7cb419a424fa.jpg</path>
	<source>
		<database>roboflow.com</database>
	</source>
	<size>
		<width>640</width>
		<height>640</height>
		<depth>3</depth>
	</size>
	<segmented>0</segmented>
	<object>
		<name>LicensePlate</name>
		<pose>Unspecified</pose>
		<truncated>0</truncated>
		<difficult>0</difficult>
		<occluded>0</occluded>
		<bndbox>
			<xmin>499</xmin>
			<xmax>584</xmax>
			<ymin>408</ymin>
			<ymax>496</ymax>
		</bndbox>
	</object>
</annotation>
