<annotation>
	<folder></folder>
	<filename>fe3c95e4-7bd4-40f5-98a9-9fc635957d9c___3e7fd381-0ae5-4421-8a70-279ee0ec1c61_Baleno-Number-Plates-Design_jpg.rf.c3fe23b01218700c827920867bfc19dc.jpg</filename>
	<path>fe3c95e4-7bd4-40f5-98a9-9fc635957d9c___3e7fd381-0ae5-4421-8a70-279ee0ec1c61_Baleno-Number-Plates-Design_jpg.rf.c3fe23b01218700c827920867bfc19dc.jpg</path>
	<source>
		<database>roboflow.com</database>
	</source>
	<size>
		<width>640</width>
		<height>640</height>
		<depth>3</depth>
	</size>
	<segmented>0</segmented>
	<object>
		<name>LicensePlate</name>
		<pose>Unspecified</pose>
		<truncated>0</truncated>
		<difficult>0</difficult>
		<occluded>0</occluded>
		<bndbox>
			<xmin>209</xmin>
			<xmax>448</xmax>
			<ymin>288</ymin>
			<ymax>357</ymax>
		</bndbox>
	</object>
</annotation>
